x,y,z,mydata.TRUTH
21.3819,43.9247,-139.9741,4
21.3827,43.929,-139.9975,4
21.382,43.9269,-139.9778,4
21.382,43.9269,-139.9778,4
21.3649,43.922,-139.9887,4
21.3597,43.9335,-140.0029,4
21.3112,43.9541,-140.0255,4
21.3141,43.9961,-140.0309,4
21.3233,44.0178,-140.0314,4
21.3214,44.0666,-140.0127,4
21.3421,44.1185,-140.0125,4
21.3941,44.1904,-139.9835,4
21.4196,44.272,-140.0113,4
21.4202,44.3472,-139.9769,4
21.4196,44.4312,-139.9621,4
21.436,44.5204,-139.9357,4
21.444,44.5869,-139.9516,4
21.4757,44.6747,-140.0225,4
21.5384,44.7522,-140.0338,4
21.6118,44.832,-140.041,4
21.7285,44.8974,-140.0837,4
21.7921,44.9685,-140.1624,4
21.8068,45.0291,-140.1896,4
21.8567,45.0572,-140.2338,4
21.8781,45.0929,-140.3116,4
21.8989,45.1232,-140.4287,4
21.8947,45.1474,-140.4764,4
21.8792,45.1528,-140.5548,4
21.8837,45.1322,-140.6182,4
21.8719,45.1099,-140.6724,4
21.8583,45.0783,-140.7142,4
21.8619,45.0373,-140.7345,4
21.7721,44.9673,-140.7282,4
21.7199,44.884,-140.7616,4
21.6638,44.7904,-140.8051,4
21.6021,44.6995,-140.8153,4
21.5692,44.6165,-140.839,4
21.5618,44.5322,-140.859,4
21.5007,44.4409,-140.9333,4
21.4971,44.3662,-140.9631,4
21.5081,44.3033,-140.9899,4
21.5339,44.2284,-141.0267,4
21.5516,44.1684,-141.1086,4
21.5699,44.1163,-141.1265,4
21.6035,44.079,-141.1657,4
21.5862,44.0357,-141.2185,4
21.5636,43.9757,-141.2017,4
21.5599,43.9036,-141.1775,4
21.5226,43.8505,-141.1429,4
21.4688,43.7911,-141.081,4
21.4712,43.7522,-141.0652,4
21.4856,43.7092,-141.0415,4
21.4663,43.6607,-141.0173,4
21.4566,43.6318,-140.9607,4
21.4641,43.6012,-140.9733,4
21.4291,43.6005,-141.0156,4
21.4479,43.5925,-141.0167,4
21.4591,43.5814,-141.0186,4
21.4662,43.5454,-141.0155,4
21.4596,43.5267,-141.0269,4
21.4439,43.5042,-141.0182,4
21.4321,43.4813,-141.0174,4
21.4014,43.4387,-141.0359,4
21.3829,43.418,-141.0194,4
21.3641,43.3982,-140.9953,4
21.37,43.3891,-140.9652,4
21.3698,43.3808,-140.9325,4
21.3685,43.3889,-140.9044,4
21.393,43.4154,-140.9131,4
21.4514,43.4569,-140.9288,4
21.4737,43.4819,-140.9839,4
21.4767,43.5076,-141.0185,4
21.504,43.527,-141.0428,4
21.4868,43.5184,-141.0491,4
21.453,43.5155,-141.0729,4
21.3855,43.4904,-141.0784,4
21.344,43.4647,-141.0876,4
21.3044,43.4373,-141.0951,4
21.3021,43.4233,-141.1033,4
21.3122,43.4153,-141.1136,4
21.3213,43.4177,-141.1033,4
21.3367,43.421,-141.0922,4
21.3508,43.4372,-141.0688,4
21.3189,43.4282,-141.0065,4
21.3117,43.4153,-140.9873,4
21.2819,43.394,-140.9793,4
21.2146,43.3699,-140.9635,4
21.2322,43.3571,-140.9454,4
21.2633,43.3826,-141.026,4
21.2863,43.4005,-141.0721,4
21.3064,43.4247,-141.1064,4
21.3278,43.4383,-141.1455,4
21.3267,43.4516,-141.1873,4
21.3466,43.4668,-141.22,4
21.3794,43.4816,-141.2898,4
21.403,43.5332,-141.3779,4
21.459,43.5541,-141.3862,4
21.4902,43.5622,-141.3701,4
21.5293,43.561,-141.3274,4
21.5405,43.5442,-141.3185,4
21.5103,43.5147,-141.2927,4
21.4731,43.4891,-141.282,4
21.4177,43.4576,-141.3139,4
21.3898,43.4323,-141.3457,4
21.3929,43.4233,-141.3413,4
21.3862,43.4178,-141.3296,4
21.4301,43.4326,-141.345,4
21.4267,43.4349,-141.3693,4
21.4356,43.4467,-141.397,5
21.444,43.456,-141.4179,5
21.4711,43.455,-141.4129,5
21.4861,43.4412,-141.4362,5
21.4634,43.4286,-141.4413,5
21.4507,43.4004,-141.4495,5
21.4222,43.3734,-141.4724,5
21.4025,43.3376,-141.5239,5
21.3816,43.3194,-141.5654,5
21.3586,43.2896,-141.6045,5
21.3319,43.2931,-141.675,5
21.3083,43.2633,-141.7137,4
21.2938,43.2487,-141.8027,4
21.2484,43.2534,-141.8816,4
21.201,43.2447,-141.9413,4
21.2004,43.249,-142.0038,4
21.1757,43.2475,-142.0291,4
21.1622,43.2352,-142.0642,4
21.1567,43.2166,-142.1003,4
21.1411,43.1935,-142.1292,4
21.0785,43.1798,-142.1256,4
21.0299,43.1503,-142.138,4
21.0032,43.121,-142.1355,4
21.0096,43.1164,-142.1523,4
21.0082,43.1157,-142.1841,4
20.9931,43.0999,-142.1625,4
20.959,43.1026,-142.1792,4
20.971,43.1087,-142.2225,4
20.9487,43.1173,-142.245,4
20.9729,43.1485,-142.2738,4
20.968,43.1314,-142.218,4
20.9642,43.0901,-142.1849,4
20.9307,43.0548,-142.1806,4
20.8736,43.0182,-142.1557,4
20.8231,42.9894,-142.1667,4
20.8088,42.9548,-142.1345,4
20.7985,42.9313,-142.0878,4
20.7899,42.9095,-142.0571,4
20.7811,42.8919,-142.0418,4
20.7865,42.8755,-142.0647,4
20.7812,42.8713,-142.0924,4
20.7889,42.8597,-142.0969,4
20.7653,42.8448,-142.0876,4
20.7694,42.854,-142.157,4
20.8077,42.8597,-142.2269,4
20.8115,42.8813,-142.2561,4
20.8156,42.8738,-142.2936,4
20.8267,42.863,-142.2965,4
20.8236,42.8685,-142.2806,4
20.7995,42.865,-142.2739,4
20.8067,42.8802,-142.3011,4
20.7967,42.888,-142.329,4
20.794,42.9122,-142.3758,4
20.7488,42.9082,-142.3644,4
20.7594,42.9106,-142.3619,4
20.7554,42.9107,-142.3637,4
20.7281,42.9226,-142.366,4
20.7518,42.9371,-142.3397,4
20.7407,42.9506,-142.3384,4
20.7633,42.953,-142.4207,4
20.773,42.9772,-142.4874,4
20.776,42.9903,-142.6021,4
20.7934,43.0082,-142.6642,4
20.7835,43.0116,-142.6803,4
20.7404,43.0122,-142.712,4
20.7258,43.0047,-142.7457,4
20.7614,43.0006,-142.7733,4
20.7234,42.9824,-142.8006,4
20.6642,42.9387,-142.8487,4
20.6191,42.9173,-142.8978,4
20.5893,42.9048,-142.961,4
20.5957,42.9156,-143.0358,4
20.6148,42.9426,-143.0739,4
20.671,42.9644,-143.0856,4
20.7116,42.9877,-143.0905,4
20.7562,42.9943,-143.0688,4
20.8037,43.0264,-143.0569,4
20.8597,43.055,-143.1312,4
20.9521,43.1325,-143.1299,4
20.9979,43.1761,-143.1142,4
21.031,43.2031,-143.1022,4
21.1131,43.2637,-143.1013,4
21.1976,43.2899,-143.0929,4
21.302,43.3162,-143.0893,4
21.3981,43.344,-143.0831,4
21.5117,43.3549,-143.0675,4
21.73,43.3731,-143.1058,4
22.0046,43.3585,-143.1459,4
22.2445,43.3334,-143.1866,4
22.4069,43.3029,-143.2542,4
22.5434,43.2586,-143.3363,4
22.6134,43.1839,-143.3667,4
22.6736,43.1211,-143.403,4
22.6822,43.0523,-143.4429,4
22.6951,42.9905,-143.5015,4
22.7012,42.9229,-143.5929,4
22.7226,42.8458,-143.624,3
22.7009,42.7726,-143.7035,3
22.601,42.673,-143.784,3
22.4728,42.5907,-143.8753,3
22.3259,42.5153,-143.93,3
22.229,42.4437,-143.9657,3
22.1019,42.3986,-143.9801,3
21.9895,42.3755,-144.008,3
21.8678,42.379,-144.0605,4
21.7742,42.3907,-144.1273,4
21.6538,42.4423,-144.2039,4
21.6367,42.5191,-144.2279,4
21.6502,42.6239,-144.3276,4
21.7088,42.7349,-144.3538,4
21.7051,42.8216,-144.4059,4
21.6773,42.9023,-144.3757,4
21.6395,42.976,-144.3762,4
21.6453,43.0378,-144.3301,4
21.6468,43.0999,-144.3251,4
21.6156,43.1372,-144.2981,4
21.5929,43.161,-144.2222,4
21.5303,43.1821,-144.1906,4
21.4702,43.2097,-144.1918,4
21.4607,43.2406,-144.2264,4
21.4241,43.2532,-144.2375,4
21.3887,43.2685,-144.2541,4
21.3458,43.2804,-144.2748,4
21.3344,43.3123,-144.267,4
21.3762,43.3939,-144.2838,4
21.4317,43.4789,-144.3226,4
21.4088,43.5474,-144.3436,4
21.4404,43.593,-144.3652,4
21.4001,43.5938,-144.3477,4
21.3865,43.5725,-144.3621,4
21.3438,43.5321,-144.3993,4
21.3034,43.4925,-144.4176,4
21.2327,43.4298,-144.4406,4
21.1496,43.3805,-144.474,4
21.074,43.3246,-144.5429,4
21.0588,43.2939,-144.582,4
21.0039,43.2619,-144.6073,4
20.9642,43.2429,-144.6358,4
20.9084,43.2248,-144.7007,4
20.8964,43.2217,-144.7396,4
20.905,43.2354,-144.8017,4
20.8915,43.2298,-144.837,4
20.8731,43.2311,-144.8914,4
20.8613,43.2382,-144.926,4
20.8531,43.2249,-144.9642,4
20.824,43.2243,-145.0114,4
20.8393,43.2161,-145.0377,4
20.8777,43.2108,-145.0585,4
20.8941,43.2001,-145.0879,4
20.8854,43.1632,-145.0753,4
20.8545,43.1575,-145.1062,4
20.8184,43.1596,-145.1043,4
20.7868,43.1379,-145.087,4
20.7543,43.102,-145.0676,4
20.7195,43.0887,-145.0522,4
20.7192,43.0814,-145.0506,4
20.732,43.0899,-145.0639,4
20.7797,43.1244,-145.0802,4
20.8307,43.1692,-145.0992,4
20.8447,43.2179,-145.1034,4
20.8764,43.2529,-145.106,4
20.8769,43.2832,-145.0751,4
20.8674,43.2874,-145.0668,4
20.8239,43.318,-145.07,4
20.8388,43.3639,-145.0981,4
20.8607,43.4162,-145.1204,4
20.9193,43.4778,-145.1696,4
20.9204,43.5281,-145.1872,4
20.939,43.5737,-145.2073,4
20.9494,43.5958,-145.2362,4
20.9836,43.6255,-145.2401,4
20.9831,43.657,-145.2384,4
20.9882,43.6678,-145.2144,4
20.9985,43.6827,-145.2157,4
21.0219,43.7088,-145.2514,4
21.0128,43.7258,-145.2534,4
21.0182,43.7389,-145.2547,4
21.0318,43.7741,-145.3053,4
21.0753,43.7855,-145.3395,4
21.1455,43.7921,-145.2768,4
21.213,43.7906,-145.2321,4
21.2287,43.7528,-145.2242,4
21.1792,43.7199,-145.277,4
21.1031,43.6937,-145.3485,4
21.0753,43.6536,-145.3815,4
21.0101,43.593,-145.4381,4
20.9275,43.539,-145.5052,4
20.8444,43.4873,-145.5881,4
20.7747,43.4302,-145.6009,5
20.7281,43.4006,-145.6748,5
20.6429,43.3628,-145.6865,5
20.6091,43.3235,-145.7675,5
20.5301,43.3182,-145.8257,5
20.3927,43.2832,-145.8785,5
20.3498,43.253,-145.9174,5
20.2558,43.236,-145.9294,5
20.1799,43.2276,-145.9593,5
20.0875,43.2402,-146.0233,5
20.0675,43.2505,-146.0309,5
20.0452,43.2766,-146.0657,5
20.0383,43.3116,-146.1128,5
19.9974,43.3406,-146.1076,5
20.0026,43.3628,-146.0467,5
20.022,43.3922,-146.0395,5
20.0587,43.4292,-146.0231,5
20.0728,43.4641,-146.0336,5
20.0855,43.4625,-146.0342,5
20.0977,43.468,-146.0205,5
20.0942,43.4684,-146.054,5
20.097,43.4909,-146.09,5
20.0881,43.5329,-146.1676,5
20.116,43.5682,-146.2262,5
20.1687,43.5676,-146.2473,5
20.1774,43.5834,-146.3156,5
20.158,43.5868,-146.3935,5
20.1106,43.5912,-146.4977,5
20.106,43.5849,-146.5714,5
20.0793,43.5748,-146.6242,5
20.0164,43.5466,-146.624,5
19.9485,43.5172,-146.6583,5
19.8888,43.4777,-146.6458,5
19.8442,43.4156,-146.6085,5
19.8258,43.3781,-146.6057,5
19.8035,43.335,-146.5878,5
19.7502,43.2989,-146.5817,5
19.6522,43.2515,-146.548,5
19.575,43.21,-146.5434,5
19.4934,43.1628,-146.5523,5
19.469,43.1174,-146.5796,5
19.4334,43.0784,-146.5826,5
19.4291,43.0687,-146.6122,5
19.4048,43.0447,-146.6152,5
19.3523,43.0359,-146.6563,5
19.3118,43.0053,-146.6711,5
19.2654,42.9794,-146.6699,5
19.2108,42.9681,-146.6697,5
19.1704,42.9595,-146.6821,5
19.1802,42.9832,-146.6907,5
19.1884,43.0031,-146.7182,5
19.1954,43.0135,-146.7108,5
19.1988,43.0355,-146.6539,5
19.2336,43.0653,-146.6162,5
19.2837,43.0839,-146.5682,5
19.2994,43.1164,-146.5534,5
19.3148,43.1518,-146.5513,5
19.3453,43.1847,-146.5289,5
19.334,43.172,-146.5259,5
19.2866,43.1496,-146.5387,5
19.2524,43.1348,-146.553,5
19.2267,43.1246,-146.5388,5
19.2224,43.1285,-146.5256,5
19.2714,43.1567,-146.5108,5
19.3061,43.1614,-146.5066,5
19.32,43.1748,-146.4984,5
19.3422,43.1968,-146.5004,5
19.3634,43.2175,-146.5135,5
19.392,43.2414,-146.5171,5
19.4375,43.2957,-146.5049,5
19.4538,43.3294,-146.5109,5
19.4546,43.3511,-146.5185,5
19.4558,43.3846,-146.5086,5
19.4711,43.4089,-146.4908,5
19.4595,43.409,-146.4768,5
19.4518,43.4212,-146.4961,5
19.4729,43.4411,-146.4949,5
19.4781,43.4593,-146.5016,5
19.4803,43.4779,-146.5236,5
19.4579,43.4936,-146.5364,5
19.441,43.4996,-146.5731,5
19.4086,43.5093,-146.5984,5
19.3735,43.5251,-146.6423,5
19.3569,43.5321,-146.6797,5
19.3384,43.5366,-146.7011,5
19.3196,43.5442,-146.7145,5
19.2997,43.5483,-146.733,5
19.2819,43.5482,-146.7382,5
19.2584,43.5435,-146.7651,5
19.231,43.5369,-146.7757,5
19.2533,43.573,-146.7909,5
19.2461,43.5972,-146.8326,5
19.2241,43.6181,-146.8522,5
19.2134,43.6303,-146.8719,5
19.1731,43.6395,-146.8796,5
19.1181,43.658,-146.8762,5
19.0652,43.6541,-146.8518,5
19.014,43.6696,-146.8504,5
18.9489,43.6706,-146.8585,5
18.9045,43.6612,-146.8538,5
18.8863,43.6563,-146.8545,5
18.8686,43.6609,-146.8707,5
18.8533,43.6489,-146.8699,5
18.8212,43.6427,-146.9065,5
18.8009,43.6584,-146.9417,5
18.8078,43.6698,-146.9535,5
18.7946,43.6969,-146.9693,5
18.7988,43.7174,-146.9719,5
18.8367,43.7426,-147,5
18.8463,43.7894,-147.0352,5
18.8961,43.8158,-147.09,5
18.8952,43.8304,-147.1549,5
18.9562,43.8597,-147.1774,5
18.9986,43.8871,-147.2422,5
19.0185,43.9055,-147.2845,5
19.0124,43.9337,-147.3087,5
19.052,43.9379,-147.3578,5
19.1083,43.9461,-147.4215,5
19.0876,43.9748,-147.5169,5
19.1089,43.9898,-147.5835,5
19.1647,44.0189,-147.6369,5
19.1953,44.0347,-147.7125,5
19.2138,44.0224,-147.7625,5
19.2219,44.0076,-147.8466,5
19.2338,44.0064,-147.929,5
19.2044,43.9502,-147.9963,5
19.1839,43.888,-148.027,5
19.1889,43.8442,-148.0836,5
19.2294,43.8169,-148.1029,5
19.2325,43.7979,-148.1064,5
19.2983,43.7535,-148.0206,5
19.3556,43.7284,-148,5
19.385,43.697,-147.9386,5
19.3723,43.6712,-147.9413,5
19.3639,43.6273,-147.9375,5
19.32,43.561,-147.9631,5
19.2928,43.4945,-147.9678,5
19.2556,43.4423,-148.0001,5
19.2344,43.4008,-148.0286,5
19.2422,43.4016,-148.0456,5
19.2609,43.3709,-148.0425,5
19.2511,43.3758,-148.0935,5
19.2433,43.3688,-148.1016,5
19.2391,43.3663,-148.1125,5
19.2255,43.3721,-148.152,5
19.1888,43.3727,-148.1759,5
19.1438,43.3821,-148.1718,5
19.1649,43.4171,-148.1805,5
19.1847,43.4549,-148.1582,5
19.1974,43.4806,-148.1141,5
19.1854,43.5048,-148.0958,5
19.1751,43.5008,-148.1008,5
19.1203,43.4753,-148.0432,5
19.0496,43.4537,-148.0297,5
19.0139,43.4451,-148.0204,5
19.0213,43.4747,-148.0649,5
19.0933,43.5004,-148.0974,5
19.1289,43.5427,-148.1323,5
19.1961,43.5693,-148.1763,5
19.2138,43.5571,-148.2142,5
19.2376,43.5524,-148.2612,5
19.2502,43.5441,-148.2929,5
19.2959,43.5562,-148.3098,5
19.3487,43.5776,-148.3163,5
19.3919,43.5843,-148.3301,5
19.4011,43.5476,-148.3458,5
19.4933,43.5512,-148.3532,5
19.585,43.5637,-148.3432,5
19.696,43.5327,-148.365,5
19.7559,43.5096,-148.407,5
19.8689,43.4886,-148.4698,5
19.9638,43.4571,-148.4905,5
19.9885,43.4027,-148.5084,5
19.9694,43.346,-148.533,5
19.9558,43.2894,-148.5493,5
20.0271,43.2788,-148.5693,5
20.0689,43.2802,-148.657,5
20.1213,43.2686,-148.665,5
20.216,43.255,-148.6375,5
20.2756,43.2674,-148.6228,5
20.3603,43.276,-148.5919,5
20.4484,43.2726,-148.5965,5
20.579,43.2815,-148.6345,5
20.6606,43.3114,-148.6157,5
20.7682,43.3287,-148.5876,5
20.9114,43.3544,-148.529,5
21.0132,43.3719,-148.4981,5
21.1133,43.3751,-148.489,5
21.2447,43.3832,-148.4926,5
21.362,43.3606,-148.4833,5
21.4439,43.356,-148.4682,5
21.5668,43.3461,-148.4845,5
21.5951,43.3204,-148.5529,5
21.6878,43.301,-148.5907,5
21.7931,43.2599,-148.5621,5
21.8942,43.2459,-148.5279,5
22.0547,43.1984,-148.4601,5
22.1894,43.1326,-148.3539,5
22.2729,43.0701,-148.3572,5
22.319,43.0292,-148.4749,5
22.2932,43.0056,-148.639,5
22.1951,42.9783,-148.8384,5
22.0979,42.9677,-149.0766,5
22.0411,42.9612,-149.2121,5
22.0236,42.9617,-149.3326,5
21.9993,42.9487,-149.4204,5
21.973,42.9077,-149.4033,5
21.9543,42.8585,-149.3777,5
21.9499,42.8095,-149.294,5
21.8944,42.7469,-149.259,5
21.8664,42.7007,-149.2406,5
21.9007,42.6797,-149.2162,5
21.8956,42.6322,-149.2182,5
21.9199,42.5738,-149.2026,5
21.9255,42.5412,-149.2072,5
21.929,42.5204,-149.2185,5
21.9614,42.5218,-149.2386,5
21.9855,42.5092,-149.2872,5
21.9714,42.5059,-149.3148,5
21.9895,42.5106,-149.3367,5
21.9871,42.5004,-149.3687,5
21.9776,42.4914,-149.4255,5
21.9329,42.4988,-149.4828,5
21.9571,42.5139,-149.4628,5
21.9814,42.5045,-149.4854,5
21.9568,42.5174,-149.5117,5
21.9635,42.5131,-149.535,5
21.9841,42.5027,-149.5403,5
21.9681,42.4995,-149.525,5
21.9579,42.4697,-149.5234,5
21.9383,42.4502,-149.5386,5
21.9706,42.4211,-149.5558,5
21.9697,42.4141,-149.5629,5
21.9599,42.399,-149.5878,5
21.9914,42.3948,-149.5836,5
21.9763,42.391,-149.5711,5
21.9611,42.3802,-149.5118,5
21.9303,42.3412,-149.4401,5
21.9498,42.2875,-149.3393,5
21.9651,42.2539,-149.2739,5
21.9563,42.2574,-149.2464,5
21.9335,42.2902,-149.2484,5
21.9203,42.3314,-149.2835,5
21.887,42.3704,-149.301,5
21.8785,42.4209,-149.3857,5
21.8624,42.4326,-149.4241,5
21.879,42.4527,-149.4727,5
21.9046,42.4938,-149.576,5
21.9601,42.5277,-149.6283,5
22.0739,42.5958,-149.6542,5
22.2524,42.7358,-149.6955,5
22.3723,42.828,-149.7079,5
22.4408,42.8686,-149.7433,5
22.4357,42.848,-149.7245,5
22.3675,42.806,-149.7351,5
22.2918,42.7732,-149.7119,5
22.1857,42.7135,-149.6917,5
22.0855,42.6647,-149.6443,5
22.0212,42.6272,-149.5947,5
22.0143,42.6084,-149.6114,5
22.0093,42.5874,-149.626,5
21.952,42.5581,-149.6519,5
21.9006,42.5451,-149.6435,5
21.8897,42.5067,-149.6432,5
21.8386,42.4575,-149.6374,5
21.8017,42.3952,-149.6237,5
21.7609,42.3488,-149.6449,5
21.7366,42.3067,-149.6487,5
21.7809,42.2846,-149.5838,5
21.7948,42.2648,-149.532,5
21.6905,42.2753,-149.6044,5
21.5895,42.2711,-149.681,5
21.5163,42.254,-149.6807,5
21.4522,42.2491,-149.6902,5
21.4317,42.2333,-149.6817,5
21.4224,42.2278,-149.6385,5
21.4098,42.217,-149.6128,5
21.4456,42.2246,-149.566,5
21.542,42.2358,-149.5024,5
21.5933,42.245,-149.4311,5
21.6481,42.2535,-149.4058,5
21.6604,42.2678,-149.37,5
21.6917,42.2824,-149.3438,5
21.7919,42.3199,-149.3382,5
21.8595,42.3555,-149.3055,5
21.8664,42.3679,-149.2657,5
21.9122,42.4281,-149.3086,5
21.95,42.4612,-149.3532,5
21.8899,42.5415,-149.4535,5
21.8265,42.5689,-149.5305,5
21.8158,42.5851,-149.6238,5
21.8686,42.6426,-149.6411,5
21.9793,42.7178,-149.6294,5
22.0585,42.7654,-149.5368,5
22.0991,42.7868,-149.4606,5
22.166,42.7653,-149.3292,5
22.2276,42.7349,-149.2267,5
22.3312,42.682,-149.1561,5
22.3986,42.6541,-149.1732,5
22.4627,42.6525,-149.2336,5
22.5007,42.6441,-149.3038,5
22.4252,42.6078,-149.3823,5
22.3674,42.5834,-149.4777,5
22.336,42.5523,-149.5218,5
22.3669,42.558,-149.5311,5
22.4245,42.5659,-149.5268,5
22.4041,42.57,-149.5916,5
22.4115,42.5625,-149.6546,5
22.4697,42.5995,-149.7062,5
22.5056,42.6335,-149.7548,5
22.5113,42.6364,-149.8136,5
22.545,42.6376,-149.8528,5
22.5076,42.6264,-149.8723,5
22.4836,42.6153,-149.8653,5
22.5118,42.5992,-149.8467,5
22.5102,42.5747,-149.8003,5
22.4797,42.5627,-149.7063,5
22.472,42.5483,-149.6588,5
22.4613,42.5492,-149.5816,5
22.4981,42.5377,-149.5359,5
22.5226,42.5107,-149.5044,5
22.5564,42.4811,-149.4856,5
22.5649,42.4522,-149.4631,5
22.5617,42.4732,-149.4577,5
22.6474,42.4831,-149.4553,5
22.7194,42.4635,-149.4417,5
22.7637,42.429,-149.4279,5
22.8075,42.3934,-149.3642,5
22.8518,42.3882,-149.2701,5
22.9132,42.3516,-149.2085,5
22.9974,42.3299,-149.1236,5
23.0595,42.3079,-149.0621,5
23.154,42.2934,-148.9679,5
23.225,42.2714,-148.8947,5
23.2137,42.2539,-148.8429,5
23.2238,42.2192,-148.83,5
23.2661,42.1828,-148.7956,5
23.2858,42.1564,-148.7773,5
23.2804,42.1073,-148.7526,5
23.2568,42.0682,-148.7266,5
23.2686,42.0127,-148.6722,5
23.2491,41.9765,-148.6639,5
23.2302,41.9329,-148.6812,5
23.2378,41.9041,-148.6803,5
23.2342,41.8548,-148.6772,5
23.2111,41.7948,-148.6512,5
23.1968,41.7599,-148.6391,5
23.1771,41.7002,-148.5912,5
23.1677,41.6506,-148.5467,5
23.1631,41.6044,-148.5224,5
23.151,41.5663,-148.4552,5
23.0813,41.5286,-148.3741,5
23.0568,41.5013,-148.3096,5
23.0115,41.4629,-148.2632,5
22.9962,41.4312,-148.2267,5
23.0014,41.424,-148.1659,5
22.9383,41.3912,-148.1727,5
22.8978,41.3715,-148.2236,5
22.86,41.3792,-148.2789,5
22.8102,41.3733,-148.3439,5
22.7747,41.3811,-148.398,5
22.765,41.4134,-148.455,4
22.7958,41.4487,-148.4612,4
22.8281,41.49,-148.5056,4
22.8902,41.4869,-148.4846,4
22.8427,41.4731,-148.5078,4
22.7747,41.4502,-148.5237,4
22.7738,41.4027,-148.5652,4
22.7912,41.3602,-148.567,4
22.7945,41.3302,-148.5815,4
22.7873,41.2927,-148.5807,4
22.7916,41.2703,-148.5459,4
22.7864,41.2499,-148.5203,4
22.7912,41.2423,-148.532,4
22.8107,41.2234,-148.5295,4
22.8214,41.2073,-148.5146,4
22.8027,41.1934,-148.4766,4
22.8044,41.1769,-148.4054,4
22.802,41.1537,-148.329,4
22.768,41.1459,-148.2416,4
22.7375,41.1461,-148.1739,4
22.7392,41.1613,-148.1625,4
22.7482,41.2074,-148.1915,4
22.8018,41.2519,-148.2147,4
22.8551,41.2816,-148.1838,4
22.915,41.3114,-148.1698,4
22.9569,41.3385,-148.1746,4
23.006,41.3601,-148.1176,4
23.0619,41.4035,-148.0893,4
23.127,41.4235,-148.0375,4
23.1961,41.4695,-147.9793,4
23.257,41.4986,-147.9192,4
23.334,41.5172,-147.8975,4
23.4222,41.5125,-147.8982,4
23.4141,41.5139,-147.8423,4
23.4015,41.5146,-147.7787,4
23.4128,41.518,-147.7117,4
23.404,41.5371,-147.6642,4
23.3944,41.5385,-147.5806,4
23.4124,41.5234,-147.4668,4
23.4444,41.5232,-147.3751,4
23.4731,41.5369,-147.2957,4
23.5053,41.5508,-147.2876,4
23.5449,41.5654,-147.2673,4
23.5491,41.5827,-147.2479,4
23.5444,41.573,-147.2789,4
23.5493,41.5921,-147.3493,4
23.5711,41.5967,-147.4297,4
23.5756,41.6061,-147.5098,4
23.5749,41.581,-147.5857,4
23.5325,41.5471,-147.6089,4
23.4833,41.535,-147.6007,4
23.4938,41.5354,-147.5709,4
23.5045,41.5457,-147.5249,4
23.5112,41.5638,-147.5373,4
23.5033,41.6014,-147.5322,4
23.5029,41.6085,-147.4957,4
23.4974,41.6229,-147.4746,4
23.4892,41.6101,-147.4072,4
23.533,41.6328,-147.3074,4
23.5733,41.6765,-147.2344,4
23.59,41.7093,-147.1924,4
23.5775,41.7232,-147.1593,4
23.5617,41.7201,-147.101,4
23.533,41.7119,-147.1147,4
23.5551,41.7086,-147.1005,4
23.5955,41.7304,-147.1086,4
23.642,41.7599,-147.0927,4
23.6744,41.7693,-147.0885,4
23.7116,41.787,-147.0176,4
23.6828,41.781,-146.9986,4
23.6781,41.7993,-146.9449,4
23.6752,41.7766,-146.9228,4
23.6792,41.7433,-146.8968,4
23.6972,41.7308,-146.8778,4
23.6566,41.6789,-146.8574,4
23.6072,41.6292,-146.8262,4
23.5609,41.5594,-146.8415,4
23.5665,41.5144,-146.8554,4
23.5438,41.4661,-146.8733,4
23.5223,41.4321,-146.8893,4
23.5105,41.4039,-146.8677,4
23.5001,41.3917,-146.8723,4
23.5149,41.3779,-146.8868,4
23.4884,41.3639,-146.8883,4
23.4479,41.3374,-146.8913,4
23.4326,41.3214,-146.8918,4
23.4285,41.307,-146.9212,4
23.4386,41.2904,-146.8687,4
23.4375,41.2923,-146.7813,4
23.4482,41.3013,-146.7044,4
23.4269,41.2879,-146.6482,4
23.4034,41.2677,-146.5719,4
23.417,41.2886,-146.4833,4
23.4313,41.3008,-146.4088,4
23.4141,41.3394,-146.3367,4
23.4652,41.3797,-146.3231,4
23.5112,41.4225,-146.2935,4
23.5829,41.4486,-146.2624,4
23.6557,41.4761,-146.2184,4
23.6535,41.4869,-146.1771,4
23.6836,41.4924,-146.1114,4
23.6982,41.5046,-146.0939,4
23.6792,41.5042,-146.084,4
23.698,41.5187,-146.0463,4
23.658,41.5218,-146.022,4
23.6724,41.5245,-145.9576,4
23.6507,41.5498,-145.9118,4
23.6517,41.5632,-145.9046,4
23.674,41.5858,-145.8875,4
23.7243,41.6084,-145.8547,4
23.7274,41.6081,-145.8121,4
23.7433,41.6186,-145.7802,4
23.751,41.6302,-145.7086,4
23.7791,41.6452,-145.6525,4
23.7581,41.6797,-145.6645,4
23.7698,41.7019,-145.709,4
23.7466,41.6857,-145.7173,4
23.7172,41.6602,-145.7415,4
23.708,41.6445,-145.7557,4
23.6594,41.618,-145.7171,4
23.5979,41.5937,-145.7222,4
23.5697,41.5749,-145.7228,4
23.5611,41.5625,-145.7183,4
23.5454,41.5431,-145.7171,4
23.5476,41.5333,-145.6841,4
23.5373,41.5401,-145.6475,4
23.5554,41.5348,-145.6215,4
23.6244,41.5265,-145.5758,4
23.6777,41.5344,-145.5438,4
23.7455,41.5126,-145.5009,4
23.7799,41.5139,-145.5083,4
23.8409,41.5173,-145.4992,4
23.9164,41.5209,-145.5063,4
23.9449,41.5224,-145.4911,4
23.9444,41.52,-145.4893,4
23.975,41.5321,-145.4661,4
23.9659,41.5353,-145.468,4
23.9648,41.5679,-145.4452,4
23.9451,41.6151,-145.3884,4
23.9327,41.6772,-145.3573,4
23.9726,41.7292,-145.2972,4
23.978,41.782,-145.2567,4
24.02,41.8203,-145.1939,4
23.981,41.8524,-145.1463,4
23.9874,41.8693,-145.1196,4
24.0126,41.8811,-145.1095,4
24.0659,41.8944,-145.0515,4
24.1323,41.8984,-145.0454,4
24.1388,41.9051,-145.0318,4
24.1588,41.8986,-145.0352,4
24.1848,41.9094,-144.9954,4
24.1924,41.9133,-144.9709,4
24.2165,41.9156,-144.9332,4
24.2535,41.9267,-144.9505,4
24.2948,41.9543,-144.9058,4
24.3536,41.9765,-144.9005,4
24.3478,41.9731,-144.9057,4
24.351,41.9497,-144.9431,4
24.3605,41.9019,-144.9753,4
24.328,41.8823,-145.0745,4
24.3286,41.8382,-145.1432,4
24.289,41.7722,-145.1891,4
24.2466,41.7212,-145.2028,4
24.2436,41.6914,-145.1628,4
24.2364,41.667,-145.1277,4
24.2164,41.6621,-145.0903,4
24.1907,41.6378,-145.0371,4
24.2043,41.6314,-144.9502,4
24.1898,41.6203,-144.8876,4
24.1952,41.5909,-144.7561,4
24.2023,41.6059,-144.6645,4
24.1665,41.6329,-144.5935,4
24.1622,41.6594,-144.5599,4
24.1909,41.6968,-144.4958,4
24.25,41.7284,-144.4664,4
24.2997,41.7666,-144.3849,4
24.34,41.8116,-144.3303,4
24.338,41.8524,-144.2713,4
24.3894,41.8958,-144.1985,4
24.3936,41.9421,-144.1218,4
24.4181,41.9912,-144.0891,4
24.4631,42.0073,-144.0447,4
24.5174,42.0409,-144.0269,4
24.5204,42.0417,-143.9799,4
24.4849,42.0565,-143.9477,4
24.4618,42.0484,-143.9047,4
24.482,42.036,-143.8502,4
24.4795,42.0189,-143.8572,4
24.4562,41.9955,-143.8688,4
24.3622,41.9517,-143.8709,4
24.2829,41.9373,-143.8251,4
24.1518,41.9064,-143.7893,4
24.0211,41.8693,-143.728,4
23.8993,41.8253,-143.6958,4
23.8196,41.8217,-143.6452,4
23.7362,41.836,-143.6603,4
23.628,41.8433,-143.6747,4
23.5913,41.8584,-143.6654,4
23.5727,41.8454,-143.6674,4
23.5209,41.8577,-143.6819,4
23.4492,41.8645,-143.6589,4
23.4117,41.8686,-143.6443,4
23.4071,41.8794,-143.663,4
23.4151,41.8656,-143.6732,4
23.4207,41.8755,-143.6402,4
23.4177,41.8798,-143.5874,4
23.3872,41.8876,-143.5527,4
23.3435,41.8998,-143.5085,4
23.3422,41.9215,-143.46,4
23.3665,41.9496,-143.429,4
23.3769,41.9733,-143.3992,4
23.4173,42.0147,-143.3861,4
23.4608,42.033,-143.3707,4
23.4843,42.0548,-143.345,4
23.5062,42.0564,-143.3064,4
23.5186,42.0581,-143.2321,4
23.5597,42.044,-143.11,4
23.6184,42.0378,-143.0193,4
23.677,42.0263,-142.9952,4
23.7532,42.0514,-142.9698,4
23.8233,42.0743,-142.9847,4
23.7861,42.0829,-142.9943,4
23.7499,42.0886,-142.9852,4
23.6909,42.0812,-142.9887,4
23.6558,42.0597,-143.0114,4
23.6505,42.0645,-143.0435,4
23.6263,42.0637,-142.9949,4
23.5752,42.062,-143.0152,4
23.5183,42.0549,-143.0256,4
23.5081,42.0703,-143.0109,4
23.5232,42.0807,-143.0539,4
23.5029,42.0892,-143.0417,4
23.5099,42.0851,-143.0325,4
23.5307,42.079,-143.0287,4
23.5692,42.1114,-143.0123,4
23.6188,42.1619,-142.9954,4
23.67,42.2,-142.9627,4
23.676,42.2076,-142.9851,4
23.6972,42.1953,-143.0224,4
23.6996,42.1759,-143.0826,4
23.6873,42.1529,-143.1181,4
23.7178,42.1345,-143.1629,4
23.7083,42.089,-143.2399,4
23.6814,42.0363,-143.2814,4
23.6758,42.0162,-143.3362,4
23.6786,42.012,-143.3499,4
23.6702,42.0015,-143.362,4
23.6349,41.983,-143.3449,4
23.5984,41.9624,-143.3506,4
23.5808,41.9567,-143.3479,4
23.5866,41.9502,-143.3213,4
23.5707,41.9653,-143.2876,4
23.5774,42.0023,-143.2488,4
23.5981,42.0583,-143.2242,4
23.6241,42.0908,-143.1955,4
23.6618,42.1303,-143.1577,4
23.6763,42.1701,-143.0862,4
23.6363,42.1944,-143.0593,4
23.5853,42.2258,-143.0276,4
23.5743,42.264,-142.9828,4
23.5707,42.3039,-142.9149,4
23.613,42.3622,-142.8339,4
23.6364,42.4062,-142.7549,4
23.6387,42.4533,-142.7159,4
23.6536,42.488,-142.6592,4
23.6686,42.5279,-142.6297,4
23.6424,42.5566,-142.6103,4
23.6177,42.5935,-142.5938,4
23.6055,42.6428,-142.5857,4
23.5927,42.6898,-142.539,4
23.5343,42.7388,-142.521,4
23.4994,42.7411,-142.4508,4
23.4868,42.7535,-142.3663,4
23.4809,42.7768,-142.3267,4
23.4696,42.8198,-142.2998,4
23.536,42.8232,-142.2456,4
23.5361,42.8516,-142.1603,4
23.5839,42.8615,-142.1018,4
23.5682,42.8701,-141.9995,4
23.5941,42.8805,-141.9309,4
23.6478,42.9031,-141.8794,4
23.675,42.9259,-141.8289,4
23.6928,42.9483,-141.7612,4
23.6493,42.9647,-141.7228,4
23.6925,43.002,-141.6753,4
23.7003,42.9993,-141.6938,4
23.7546,43.0323,-141.6721,4
23.7964,43.0675,-141.6178,4
23.8191,43.0973,-141.6589,4
23.8202,43.1189,-141.599,5
23.8254,43.1933,-141.6154,5
23.8462,43.2518,-141.6689,5
23.9164,43.3428,-141.6598,5
23.9823,43.4455,-141.6859,5
24.0235,43.5174,-141.7207,5
24.006,43.5761,-141.786,5
24.015,43.601,-141.8871,5
24.0038,43.6388,-141.941,5
24.0275,43.684,-142.0089,5
24.0227,43.7029,-142.0706,5
24.0085,43.7006,-142.1084,5
23.9862,43.7151,-142.1564,5
23.9418,43.7094,-142.2076,5
23.9405,43.7024,-142.2328,5
23.9117,43.7152,-142.2604,5
23.9174,43.7146,-142.31,5
23.9058,43.7116,-142.3292,5
23.8636,43.7307,-142.4033,5
23.8897,43.7359,-142.5049,5
23.8956,43.7279,-142.5773,5
23.8579,43.7434,-142.6754,5
23.8052,43.7572,-142.7307,5
23.7698,43.7581,-142.8099,5
23.7749,43.7786,-142.8763,5
23.7582,43.8156,-142.9301,5
23.7468,43.8374,-142.9808,5
23.7545,43.8383,-142.9667,5
23.7091,43.8182,-142.9493,5
23.6351,43.7695,-142.9167,5
23.577,43.7374,-142.8912,5
23.5039,43.6971,-142.9107,5
23.408,43.6357,-142.9169,5
23.2694,43.5694,-142.9329,5
23.1509,43.5212,-142.9642,5
23.0401,43.4786,-142.9943,5
22.9871,43.4427,-143.0042,5
22.9415,43.399,-143.0196,5
22.8742,43.3597,-142.963,5
22.8526,43.3227,-142.9383,5
22.8509,43.2853,-142.8944,5
22.8297,43.2736,-142.9063,5
22.8059,43.2607,-142.9096,5
22.8492,43.2954,-142.8811,5
22.8614,43.3207,-142.9047,5
22.8621,43.3502,-142.9778,5
22.8874,43.3554,-143.0844,5
22.9164,43.3678,-143.1307,5
22.957,43.3628,-143.2004,5
22.9615,43.363,-143.2257,5
23.0017,43.3514,-143.2221,5
23.06,43.3212,-143.3024,5
23.1689,43.2916,-143.3875,5
23.239,43.2533,-143.429,5
23.3098,43.2278,-143.5073,5
23.3644,43.2028,-143.5001,5
23.379,43.1728,-143.4755,5
23.3659,43.148,-143.4314,5
23.3611,43.1431,-143.3749,5
23.3362,43.1409,-143.3491,5
23.3752,43.1563,-143.3099,5
23.3744,43.1454,-143.2697,5
23.4019,43.1643,-143.2479,5
23.4062,43.1614,-143.2264,5
23.4063,43.1634,-143.2494,5
23.4174,43.1606,-143.2193,5
23.4112,43.1545,-143.2511,5
23.397,43.1406,-143.2435,5
23.4153,43.1276,-143.2769,5
23.4072,43.1151,-143.26,5
23.3716,43.1026,-143.247,5
23.3676,43.0963,-143.2366,5
23.386,43.0994,-143.1966,5
23.3513,43.101,-143.1819,5
23.3079,43.0899,-143.151,5
23.2466,43.0918,-143.1727,5
23.2351,43.0885,-143.1695,5
23.2075,43.0972,-143.1998,5
23.1421,43.082,-143.1914,5
23.1134,43.0771,-143.1874,5
23.0429,43.0586,-143.1647,5
22.9837,43.0299,-143.122,5
22.9657,43.0011,-143.0985,5
22.8728,42.9783,-143.1485,5
22.8587,42.9418,-143.1352,5
22.7658,42.938,-143.0974,5
22.7304,42.9267,-143.0511,5
22.6944,42.9195,-143.0271,5
22.6753,42.9452,-143.0454,5
22.7018,42.9905,-142.9935,5
22.6823,43.0209,-142.9585,5
22.6398,43.068,-142.9571,5
22.643,43.1119,-142.9426,5
22.6651,43.1531,-142.9089,5
22.6809,43.2022,-142.9259,5
22.7099,43.2565,-142.9371,5
22.7184,43.3109,-142.9415,5
22.7114,43.3556,-142.9127,5
22.6767,43.3971,-142.9054,5
22.6866,43.4395,-142.8874,5
22.6839,43.4932,-142.8831,5
22.7165,43.5455,-142.8261,5
22.7617,43.6143,-142.8479,5
22.7512,43.6568,-142.8467,5
22.6878,43.6713,-142.856,5
22.6217,43.6719,-142.8555,5
22.5599,43.69,-142.872,5
22.4845,43.6797,-142.8515,5
22.445,43.6781,-142.8373,5
22.3746,43.668,-142.8163,5
22.3223,43.6635,-142.815,5
22.277,43.6652,-142.7986,5
22.2949,43.6896,-142.8472,5
22.2742,43.6938,-142.8367,5
22.2767,43.7166,-142.8633,5
22.3198,43.7367,-142.9033,5
22.3948,43.7852,-143.0273,5
22.4357,43.8236,-143.0922,5
22.4802,43.8798,-143.1842,5
22.4528,43.9053,-143.2351,5
22.3653,43.9259,-143.2577,5
22.2764,43.9388,-143.2519,5
22.1937,43.9677,-143.2355,5
22.133,43.9891,-143.2556,5
22.0753,44.0092,-143.2981,5
22.0471,44.0373,-143.323,5
22.0631,44.1147,-143.3141,5
22.0593,44.1947,-143.3323,5
22.0601,44.238,-143.3456,5
22.0629,44.2671,-143.2694,5
22.0518,44.248,-143.2723,5
21.9877,44.2092,-143.2446,5
21.9168,44.1551,-143.2172,5
21.8092,44.0483,-143.1277,5
21.7049,43.9603,-143.0457,5
21.6435,43.8834,-142.9469,5
21.5671,43.8106,-142.9028,5
21.4726,43.7384,-142.8479,5
21.4103,43.689,-142.821,5
21.413,43.6719,-142.7616,5
21.3966,43.6507,-142.7193,5
21.3959,43.6442,-142.6838,5
21.3959,43.6394,-142.6438,5
21.4248,43.6394,-142.6087,5
21.4345,43.6184,-142.5982,5
21.4356,43.5694,-142.5812,5
21.4213,43.5489,-142.5811,5
21.4206,43.5251,-142.5656,5
21.4605,43.519,-142.5643,5
21.4636,43.5128,-142.5692,5
21.4533,43.5322,-142.5842,5
21.4765,43.5526,-142.5319,5
21.5394,43.5958,-142.5738,5
21.5891,43.5972,-142.5939,5
21.6311,43.6229,-142.5648,5
21.6602,43.615,-142.5373,5
21.6398,43.6012,-142.5102,5
21.5954,43.584,-142.5778,5
21.5505,43.5543,-142.5569,5
21.4918,43.5756,-142.5169,5
21.4689,43.6092,-142.4737,5
21.4746,43.6239,-142.4298,5
21.4995,43.6401,-142.4261,5
21.4512,43.6327,-142.4412,5
21.4239,43.6297,-142.4182,5
21.4167,43.6375,-142.3726,5
21.3614,43.5639,-142.3295,5
21.2975,43.5239,-142.3149,5
21.3129,43.5114,-142.272,5
21.2475,43.4556,-142.2959,5
21.213,43.3717,-142.3591,5
21.208,43.3726,-142.3314,5
21.1516,43.3471,-142.3802,5
21.1605,43.3599,-142.3917,5
21.2518,43.43,-142.3955,5
21.248,43.4954,-142.4438,5
21.2943,43.5387,-142.4506,5
21.3068,43.5988,-142.5365,5
21.3116,43.6585,-142.5866,5
21.2772,43.6728,-142.6058,5
21.2385,43.6702,-142.5401,5
21.1685,43.6276,-142.5152,5
21.0976,43.6003,-142.4529,5
21.0078,43.5791,-142.4016,5
20.9766,43.5625,-142.4344,5
20.9714,43.5633,-142.4664,5
20.9546,43.5653,-142.4735,5
20.9643,43.5806,-142.4945,5
20.9773,43.5922,-142.5077,5
20.9345,43.6024,-142.552,5
20.9431,43.6247,-142.5999,5
21.018,43.6642,-142.6488,5
21.0175,43.6747,-142.6552,5
21.0653,43.6916,-142.7226,5
21.0751,43.7194,-142.7487,5
21.0574,43.7135,-142.7191,5
21.0667,43.7024,-142.7144,5
20.9936,43.652,-142.687,5
20.9724,43.6498,-142.6682,5
20.9545,43.6181,-142.677,5
20.9555,43.5986,-142.6799,5
20.9432,43.581,-142.6952,5
20.9247,43.5565,-142.6998,5
20.8872,43.534,-142.6999,5
20.8332,43.528,-142.7047,5
20.7987,43.5211,-142.6208,5
20.8148,43.5223,-142.5906,5
20.8204,43.5222,-142.5238,5
20.8081,43.5504,-142.5302,5
20.8118,43.5612,-142.4762,5
20.7605,43.5667,-142.4363,5
20.7137,43.5763,-142.4165,5
20.6559,43.5782,-142.4585,5
20.6595,43.6001,-142.5065,5
20.5763,43.6168,-142.5112,5
20.5582,43.6308,-142.5589,5
20.5747,43.6382,-142.5666,5
20.5661,43.6486,-142.5905,5
20.5352,43.6473,-142.5613,5
20.5346,43.6439,-142.5576,5
20.5471,43.6434,-142.5765,5
20.5361,43.6476,-142.5939,5
20.5432,43.6657,-142.5943,5
20.5433,43.6824,-142.6099,5
20.5129,43.7133,-142.55,5
20.5628,43.7236,-142.4875,5
20.5455,43.7372,-142.4621,5
20.5158,43.7224,-142.4187,5
20.4826,43.7219,-142.3983,5
20.4562,43.7133,-142.3811,5
20.4394,43.7157,-142.3462,5
20.4082,43.7251,-142.3483,5
20.4277,43.7605,-142.3524,5
20.4832,43.772,-142.3869,5
20.5173,43.7725,-142.4727,5
20.5829,43.7864,-142.5356,5
20.6345,43.779,-142.6371,5
20.6733,43.743,-142.7035,5
20.6845,43.7144,-142.7672,5
20.7098,43.7023,-142.816,5
20.7076,43.66,-142.8537,5
20.7476,43.6259,-142.798,5
20.7662,43.6135,-142.7747,5
20.8004,43.5832,-142.8118,5
20.8359,43.5889,-142.8587,5
20.8972,43.6139,-142.8849,5
20.9435,43.6421,-142.8958,5
20.9667,43.6895,-142.8699,5
20.9787,43.7185,-142.8495,5
21.0225,43.7739,-142.8387,5
21.0759,43.8354,-142.7801,5
21.1454,43.8877,-142.6924,5
21.203,43.9564,-142.5671,5
21.2524,44.0154,-142.4142,5
21.2941,44.1023,-142.256,5
21.3409,44.1742,-142.1189,5
21.3855,44.2382,-141.9669,5
21.3996,44.3202,-141.8428,5
21.4516,44.3828,-141.712,5
21.4531,44.4642,-141.6105,5
21.4646,44.5234,-141.4949,5
21.4465,44.5843,-141.3883,5
21.4308,44.6232,-141.3135,5
21.4344,44.6506,-141.2335,5
21.4605,44.6768,-141.1366,5
21.4955,44.698,-141.0677,5
21.5165,44.7148,-140.994,5
21.5385,44.7194,-140.903,5
21.5506,44.7237,-140.8026,5
21.5983,44.7399,-140.7404,5
21.6044,44.7412,-140.697,5
21.5872,44.7517,-140.6569,5
21.5534,44.7435,-140.6071,5
21.5197,44.7214,-140.5397,5
21.5115,44.7051,-140.4892,5
21.4801,44.7122,-140.4897,5
21.4724,44.703,-140.481,5
21.5104,44.7041,-140.5037,5
21.5744,44.6945,-140.5421,5
21.5751,44.6939,-140.5875,5
21.587,44.7024,-140.6414,5
21.5597,44.699,-140.6766,5
21.5585,44.6878,-140.7012,5
21.5309,44.6555,-140.7068,5
21.5396,44.6307,-140.7291,5
21.5721,44.5917,-140.7173,5
21.6104,44.5544,-140.6788,5
21.6378,44.4949,-140.6728,5
21.6177,44.4168,-140.6579,5
21.6143,44.3254,-140.623,5
21.555,44.1943,-140.6275,5
21.5224,44.0733,-140.6599,5
21.4918,43.9116,-140.6656,5
21.4332,43.7415,-140.6778,5
21.3986,43.5846,-140.7124,5
21.352,43.4413,-140.7429,5
21.2999,43.2798,-140.8002,5
21.2135,43.1112,-140.8239,5
21.1306,42.946,-140.854,5
21.0606,42.7882,-140.884,5
20.9929,42.6299,-140.8867,5
20.8909,42.4648,-140.9025,5
20.8127,42.3295,-140.9781,5
20.7463,42.2037,-141.0613,5
20.6789,42.0824,-141.1308,5
20.6485,42.003,-141.2244,5
20.6087,41.9327,-141.2976,5
20.6217,41.8909,-141.3772,5
20.5999,41.8496,-141.4683,5
20.5629,41.8127,-141.5533,5
20.5144,41.7453,-141.6035,5
20.439,41.6778,-141.6166,5
20.411,41.6515,-141.6558,5
20.3491,41.6153,-141.7561,5
20.3131,41.5737,-141.8405,5
20.2938,41.5069,-141.8846,5
20.2478,41.4393,-141.9355,5
20.2267,41.3844,-141.9354,5
20.2367,41.3429,-141.9953,5
20.2886,41.3096,-142.0335,5
20.327,41.2671,-142.0715,5
20.3024,41.2254,-142.0785,5
20.3159,41.1726,-142.0659,5
20.2858,41.1486,-142.0568,5
20.2496,41.1237,-142.0637,5
20.2344,41.0834,-142.0585,5
20.1825,41.029,-142.0179,5
20.1363,40.9664,-141.9341,5
20.1112,40.9281,-141.9106,5
20.0814,40.886,-141.8627,5
20.0261,40.8507,-141.8298,5
19.967,40.8216,-141.7959,5
19.9404,40.8165,-141.7373,5
19.8922,40.7967,-141.6169,5
19.8881,40.79,-141.5103,5
19.8535,40.7913,-141.3894,5
19.7867,40.8031,-141.245,5
19.7255,40.8428,-141.1458,5
19.6659,40.8927,-141.0811,5
19.6501,40.9676,-141.0155,5
19.6858,41.0636,-140.9805,5
19.7161,41.1669,-140.9535,5
19.7471,41.3089,-141.0068,5
19.7903,41.4783,-141.061,5
19.8282,41.6546,-141.1271,5
19.8734,41.8563,-141.1615,5
19.9345,42.067,-141.2443,5
19.9849,42.2992,-141.3593,5
20.0101,42.541,-141.4533,5
20.0187,42.7677,-141.5945,5
20.0022,42.9685,-141.6668,5
19.9529,43.1491,-141.7819,5
19.9001,43.3048,-141.8817,5
19.8425,43.4677,-142.0071,5
19.7561,43.5827,-142.1119,5
19.6739,43.7047,-142.2007,5
19.593,43.7753,-142.2721,5
19.4788,43.8186,-142.3425,5
19.3661,43.8263,-142.3642,5
19.2297,43.798,-142.413,5
19.1216,43.7744,-142.4199,5
19.0733,43.7371,-142.4131,5
19.0066,43.6822,-142.4012,5
18.9496,43.6618,-142.4337,5
18.9302,43.6407,-142.4572,5
18.8646,43.5982,-142.4492,5
18.8225,43.564,-142.4485,5
18.7876,43.5499,-142.4422,5
18.7826,43.5244,-142.402,5
18.7273,43.4969,-142.3629,5
18.6417,43.4788,-142.3683,5
18.5879,43.4347,-142.375,5
18.5115,43.3959,-142.3548,5
18.4979,43.346,-142.341,5
18.4684,43.2885,-142.3583,5
18.487,43.2309,-142.398,5
18.443,43.1581,-142.4093,5
18.3887,43.0872,-142.3943,5
18.3663,42.9936,-142.3616,5
18.2878,42.8985,-142.351,5
18.2305,42.8058,-142.3448,5
18.1837,42.7186,-142.3329,5
18.1812,42.6371,-142.3903,5
18.1314,42.5438,-142.4133,5
18.1104,42.4706,-142.3986,5
18.1018,42.3901,-142.3856,5
18.0901,42.3015,-142.3779,5
18.1139,42.239,-142.3896,5
18.1001,42.1452,-142.3492,5
18.1048,42.0672,-142.3515,5
18.0837,41.9805,-142.3078,5
18.1241,41.9081,-142.2625,5
18.1325,41.8368,-142.2395,5
18.1664,41.7897,-142.2191,5
18.1563,41.74,-142.2021,5
18.1903,41.6909,-142.1369,5
18.2367,41.6606,-142.1228,5
18.226,41.6148,-142.0952,5
18.2412,41.5789,-142.0802,5
18.2752,41.5472,-142.0647,5
18.3284,41.5323,-142.0532,5
18.3564,41.5146,-142.095,5
18.4002,41.5063,-142.1434,5
18.4382,41.4953,-142.1879,5
18.5132,41.486,-142.2585,5
18.5889,41.5146,-142.3314,5
18.6388,41.5271,-142.4252,5
18.6882,41.5205,-142.4827,5
18.7312,41.5149,-142.5181,5
18.7611,41.4998,-142.5604,5
18.7934,41.4883,-142.691,5
18.7712,41.4819,-142.7756,5
18.8072,41.4555,-142.85,5
18.8326,41.4091,-142.9158,5
18.8214,41.3509,-143.0119,5
18.8169,41.307,-143.1422,5
18.9293,41.3109,-143.2957,5
19.0241,41.334,-143.5271,5
19.098,41.4006,-143.9243,5
19.2049,41.5123,-144.3337,5
19.3739,41.609,-144.6657,5
19.506,41.7043,-144.9029,5
19.6464,41.7907,-145.102,5
19.7897,41.8604,-145.2347,5
19.875,41.9444,-145.377,5
19.9554,41.9969,-145.4695,5
20.0439,42.012,-145.5494,5
20.0808,42.0177,-145.6494,5
20.1386,41.9814,-145.7026,5
20.1603,41.9385,-145.7844,5
20.2186,41.9086,-145.7996,5
20.2227,41.8705,-145.7081,5
20.2248,41.8081,-145.5762,5
20.2306,41.7286,-145.4224,5
20.1785,41.6176,-145.3118,5
20.158,41.5055,-145.183,5
20.1117,41.4209,-145.062,5
20.0767,41.341,-145.0089,5
20.0445,41.2743,-144.9897,5
20.0363,41.2246,-144.9496,5
20.0527,41.1619,-144.8971,5
20.0466,41.1416,-144.8923,5
20.0211,41.1151,-144.8185,5
19.9839,41.0783,-144.7705,5
19.9499,41.0366,-144.7286,5
19.9267,41.0143,-144.6845,5
19.9851,41.0048,-144.6345,5
20.0549,40.9969,-144.5728,5
20.1465,41.0054,-144.5196,5
20.2635,41.0228,-144.4566,5
20.3091,41.0296,-144.4023,5
20.3683,41.0162,-144.3064,5
20.454,41.011,-144.2267,5
20.5111,41.0158,-144.1734,5
20.5434,41.0054,-144.1077,5
20.5446,40.9961,-143.9882,5
20.5793,40.9885,-143.8982,5
