z,x,y,z,y,TRUTH,,,
-139.9741,21.3819,43.9247,4,4,4,,-149.8723,40.79
-139.9975,21.3827,43.929,4,4,4,,-146.85415,42.0413
-139.9778,21.382,43.9269,4,4,4,,-143.5085,43.1164
-139.9778,21.382,43.9269,4,4,4,,-142.38995,43.55525
-139.9887,21.3649,43.922,4,4,4,,-139.9357,45.1528
-140.0029,21.3597,43.9335,4,4,4,,,
-140.0255,21.3112,43.9541,4,4,4,,,
-140.0309,21.3141,43.9961,4,4,4,,,
-140.0314,21.3233,44.0178,4,4,4,,,
-140.0127,21.3214,44.0666,4,4,4,,,
-140.0125,21.3421,44.1185,4,4,4,,,
-139.9835,21.3941,44.1904,4,4,4,,,
-140.0113,21.4196,44.272,4,4,4,,,
-139.9769,21.4202,44.3472,4,4,4,,,
-139.9621,21.4196,44.4312,4,4,4,,,
-139.9357,21.436,44.5204,5,4,4,,,
-139.9516,21.444,44.5869,4,4,4,,,
-140.0225,21.4757,44.6747,4,4,4,,,
-140.0338,21.5384,44.7522,4,4,4,,,
-140.041,21.6118,44.832,4,4,4,,,
-140.0837,21.7285,44.8974,4,4,4,,,
-140.1624,21.7921,44.9685,4,4,4,,,
-140.1896,21.8068,45.0291,4,4,4,,,
-140.2338,21.8567,45.0572,4,4,4,,,
-140.3116,21.8781,45.0929,4,4,4,,,
-140.4287,21.8989,45.1232,4,4,4,,,
-140.4764,21.8947,45.1474,4,4,4,,,
-140.5548,21.8792,45.1528,4,5,4,,,
-140.6182,21.8837,45.1322,4,4,4,,,
-140.6724,21.8719,45.1099,4,4,4,,,
-140.7142,21.8583,45.0783,4,4,4,,,
-140.7345,21.8619,45.0373,4,4,4,,,
-140.7282,21.7721,44.9673,4,4,4,,,
-140.7616,21.7199,44.884,4,4,4,,,
-140.8051,21.6638,44.7904,4,4,4,,,
-140.8153,21.6021,44.6995,4,4,4,,,
-140.839,21.5692,44.6165,4,4,4,,,
-140.859,21.5618,44.5322,4,4,4,,,
-140.9333,21.5007,44.4409,4,4,4,,,
-140.9631,21.4971,44.3662,4,4,4,,,
-140.9899,21.5081,44.3033,4,4,4,,,
-141.0267,21.5339,44.2284,4,4,4,,,
-141.1086,21.5516,44.1684,4,4,4,,,
-141.1265,21.5699,44.1163,4,4,4,,,
-141.1657,21.6035,44.079,4,4,4,,,
-141.2185,21.5862,44.0357,4,4,4,,,
-141.2017,21.5636,43.9757,4,4,4,,,
-141.1775,21.5599,43.9036,4,4,4,,,
-141.1429,21.5226,43.8505,4,4,4,,,
-141.081,21.4688,43.7911,4,4,4,,,
-141.0652,21.4712,43.7522,4,4,4,,,
-141.0415,21.4856,43.7092,4,4,4,,,
-141.0173,21.4663,43.6607,4,4,4,,,
-140.9607,21.4566,43.6318,4,4,4,,,
-140.9733,21.4641,43.6012,4,4,4,,,
-141.0156,21.4291,43.6005,4,4,4,,,
-141.0167,21.4479,43.5925,4,4,4,,,
-141.0186,21.4591,43.5814,4,4,4,,,
-141.0155,21.4662,43.5454,4,3,4,,,
-141.0269,21.4596,43.5267,4,3,4,,,
-141.0182,21.4439,43.5042,4,3,4,,,
-141.0174,21.4321,43.4813,4,3,4,,,
-141.0359,21.4014,43.4387,4,3,4,,,
-141.0194,21.3829,43.418,4,3,4,,,
-140.9953,21.3641,43.3982,4,3,4,,,
-140.9652,21.37,43.3891,4,3,4,,,
-140.9325,21.3698,43.3808,4,3,4,,,
-140.9044,21.3685,43.3889,4,3,4,,,
-140.9131,21.393,43.4154,4,3,4,,,
-140.9288,21.4514,43.4569,4,3,4,,,
-140.9839,21.4737,43.4819,4,3,4,,,
-141.0185,21.4767,43.5076,4,3,4,,,
-141.0428,21.504,43.527,4,3,4,,,
-141.0491,21.4868,43.5184,4,3,4,,,
-141.0729,21.453,43.5155,4,3,4,,,
-141.0784,21.3855,43.4904,4,3,4,,,
-141.0876,21.344,43.4647,4,3,4,,,
-141.0951,21.3044,43.4373,4,3,4,,,
-141.1033,21.3021,43.4233,4,3,4,,,
-141.1136,21.3122,43.4153,4,3,4,,,
-141.1033,21.3213,43.4177,4,3,4,,,
-141.0922,21.3367,43.421,4,3,4,,,
-141.0688,21.3508,43.4372,4,3,4,,,
-141.0065,21.3189,43.4282,4,3,4,,,
-140.9873,21.3117,43.4153,4,3,4,,,
-140.9793,21.2819,43.394,4,3,4,,,
-140.9635,21.2146,43.3699,4,3,4,,,
-140.9454,21.2322,43.3571,4,3,4,,,
-141.026,21.2633,43.3826,4,3,4,,,
-141.0721,21.2863,43.4005,4,3,4,,,
-141.1064,21.3064,43.4247,4,3,4,,,
-141.1455,21.3278,43.4383,4,3,4,,,
-141.1873,21.3267,43.4516,4,3,4,,,
-141.22,21.3466,43.4668,4,3,4,,,
-141.2898,21.3794,43.4816,4,3,4,,,
-141.3779,21.403,43.5332,4,3,4,,,
-141.3862,21.459,43.5541,4,3,4,,,
-141.3701,21.4902,43.5622,4,4,4,,,
-141.3274,21.5293,43.561,4,4,4,,,
-141.3185,21.5405,43.5442,4,3,4,,,
-141.2927,21.5103,43.5147,4,3,4,,,
-141.282,21.4731,43.4891,4,3,4,,,
-141.3139,21.4177,43.4576,4,3,4,,,
-141.3457,21.3898,43.4323,4,3,4,,,
-141.3413,21.3929,43.4233,4,3,4,,,
-141.3296,21.3862,43.4178,4,3,4,,,
-141.345,21.4301,43.4326,4,3,4,,,
-141.3693,21.4267,43.4349,4,3,4,,,
-141.397,21.4356,43.4467,4,3,5,,,
-141.4179,21.444,43.456,4,3,5,,,
-141.4129,21.4711,43.455,4,3,5,,,
-141.4362,21.4861,43.4412,4,3,5,,,
-141.4413,21.4634,43.4286,4,3,5,,,
-141.4495,21.4507,43.4004,4,3,5,,,
-141.4724,21.4222,43.3734,4,3,5,,,
-141.5239,21.4025,43.3376,4,3,5,,,
-141.5654,21.3816,43.3194,4,3,5,,,
-141.6045,21.3586,43.2896,4,3,5,,,
-141.675,21.3319,43.2931,4,3,5,,,
-141.7137,21.3083,43.2633,4,3,4,,,
-141.8027,21.2938,43.2487,4,3,4,,,
-141.8816,21.2484,43.2534,4,3,4,,,
-141.9413,21.201,43.2447,4,3,4,,,
-142.0038,21.2004,43.249,4,3,4,,,
-142.0291,21.1757,43.2475,4,3,4,,,
-142.0642,21.1622,43.2352,4,3,4,,,
-142.1003,21.1567,43.2166,4,3,4,,,
-142.1292,21.1411,43.1935,4,3,4,,,
-142.1256,21.0785,43.1798,4,3,4,,,
-142.138,21.0299,43.1503,4,3,4,,,
-142.1355,21.0032,43.121,4,3,4,,,
-142.1523,21.0096,43.1164,4,3,4,,,
-142.1841,21.0082,43.1157,4,2,4,,,
-142.1625,20.9931,43.0999,4,2,4,,,
-142.1792,20.959,43.1026,4,2,4,,,
-142.2225,20.971,43.1087,4,2,4,,,
-142.245,20.9487,43.1173,4,3,4,,,
-142.2738,20.9729,43.1485,4,3,4,,,
-142.218,20.968,43.1314,4,3,4,,,
-142.1849,20.9642,43.0901,4,2,4,,,
-142.1806,20.9307,43.0548,4,2,4,,,
-142.1557,20.8736,43.0182,4,2,4,,,
-142.1667,20.8231,42.9894,4,2,4,,,
-142.1345,20.8088,42.9548,4,2,4,,,
-142.0878,20.7985,42.9313,4,2,4,,,
-142.0571,20.7899,42.9095,4,2,4,,,
-142.0418,20.7811,42.8919,4,2,4,,,
-142.0647,20.7865,42.8755,4,2,4,,,
-142.0924,20.7812,42.8713,4,2,4,,,
-142.0969,20.7889,42.8597,4,2,4,,,
-142.0876,20.7653,42.8448,4,2,4,,,
-142.157,20.7694,42.854,4,2,4,,,
-142.2269,20.8077,42.8597,4,2,4,,,
-142.2561,20.8115,42.8813,4,2,4,,,
-142.2936,20.8156,42.8738,4,2,4,,,
-142.2965,20.8267,42.863,4,2,4,,,
-142.2806,20.8236,42.8685,4,2,4,,,
-142.2739,20.7995,42.865,4,2,4,,,
-142.3011,20.8067,42.8802,4,2,4,,,
-142.329,20.7967,42.888,4,2,4,,,
-142.3758,20.794,42.9122,4,2,4,,,
-142.3644,20.7488,42.9082,4,2,4,,,
-142.3619,20.7594,42.9106,4,2,4,,,
-142.3637,20.7554,42.9107,4,2,4,,,
-142.366,20.7281,42.9226,4,2,4,,,
-142.3397,20.7518,42.9371,4,2,4,,,
-142.3384,20.7407,42.9506,4,2,4,,,
-142.4207,20.7633,42.953,3,2,4,,,
-142.4874,20.773,42.9772,3,2,4,,,
-142.6021,20.776,42.9903,3,2,4,,,
-142.6642,20.7934,43.0082,3,2,4,,,
-142.6803,20.7835,43.0116,3,2,4,,,
-142.712,20.7404,43.0122,3,2,4,,,
-142.7457,20.7258,43.0047,3,2,4,,,
-142.7733,20.7614,43.0006,3,2,4,,,
-142.8006,20.7234,42.9824,3,2,4,,,
-142.8487,20.6642,42.9387,3,2,4,,,
-142.8978,20.6191,42.9173,3,2,4,,,
-142.961,20.5893,42.9048,3,2,4,,,
-143.0358,20.5957,42.9156,3,2,4,,,
-143.0739,20.6148,42.9426,3,2,4,,,
-143.0856,20.671,42.9644,3,2,4,,,
-143.0905,20.7116,42.9877,3,2,4,,,
-143.0688,20.7562,42.9943,3,2,4,,,
-143.0569,20.8037,43.0264,3,2,4,,,
-143.1312,20.8597,43.055,3,2,4,,,
-143.1299,20.9521,43.1325,3,3,4,,,
-143.1142,20.9979,43.1761,3,3,4,,,
-143.1022,21.031,43.2031,3,3,4,,,
-143.1013,21.1131,43.2637,3,3,4,,,
-143.0929,21.1976,43.2899,3,3,4,,,
-143.0893,21.302,43.3162,3,3,4,,,
-143.0831,21.3981,43.344,3,3,4,,,
-143.0675,21.5117,43.3549,3,3,4,,,
-143.1058,21.73,43.3731,3,3,4,,,
-143.1459,22.0046,43.3585,3,3,4,,,
-143.1866,22.2445,43.3334,3,3,4,,,
-143.2542,22.4069,43.3029,3,3,4,,,
-143.3363,22.5434,43.2586,3,3,4,,,
-143.3667,22.6134,43.1839,3,3,4,,,
-143.403,22.6736,43.1211,3,3,4,,,
-143.4429,22.6822,43.0523,3,2,4,,,
-143.5015,22.6951,42.9905,3,2,4,,,
-143.5929,22.7012,42.9229,2,2,4,,,
-143.624,22.7226,42.8458,2,2,3,,,
-143.7035,22.7009,42.7726,2,2,3,,,
-143.784,22.601,42.673,2,2,3,,,
-143.8753,22.4728,42.5907,2,2,3,,,
-143.93,22.3259,42.5153,2,2,3,,,
-143.9657,22.229,42.4437,2,2,3,,,
-143.9801,22.1019,42.3986,2,2,3,,,
-144.008,21.9895,42.3755,2,2,3,,,
-144.0605,21.8678,42.379,2,2,4,,,
-144.1273,21.7742,42.3907,2,2,4,,,
-144.2039,21.6538,42.4423,2,2,4,,,
-144.2279,21.6367,42.5191,2,2,4,,,
-144.3276,21.6502,42.6239,2,2,4,,,
-144.3538,21.7088,42.7349,2,2,4,,,
-144.4059,21.7051,42.8216,2,2,4,,,
-144.3757,21.6773,42.9023,2,2,4,,,
-144.3762,21.6395,42.976,2,2,4,,,
-144.3301,21.6453,43.0378,2,2,4,,,
-144.3251,21.6468,43.0999,2,2,4,,,
-144.2981,21.6156,43.1372,2,3,4,,,
-144.2222,21.5929,43.161,2,3,4,,,
-144.1906,21.5303,43.1821,2,3,4,,,
-144.1918,21.4702,43.2097,2,3,4,,,
-144.2264,21.4607,43.2406,2,3,4,,,
-144.2375,21.4241,43.2532,2,3,4,,,
-144.2541,21.3887,43.2685,2,3,4,,,
-144.2748,21.3458,43.2804,2,3,4,,,
-144.267,21.3344,43.3123,2,3,4,,,
-144.2838,21.3762,43.3939,2,3,4,,,
-144.3226,21.4317,43.4789,2,3,4,,,
-144.3436,21.4088,43.5474,2,3,4,,,
-144.3652,21.4404,43.593,2,4,4,,,
-144.3477,21.4001,43.5938,2,4,4,,,
-144.3621,21.3865,43.5725,2,4,4,,,
-144.3993,21.3438,43.5321,2,3,4,,,
-144.4176,21.3034,43.4925,2,3,4,,,
-144.4406,21.2327,43.4298,2,3,4,,,
-144.474,21.1496,43.3805,2,3,4,,,
-144.5429,21.074,43.3246,2,3,4,,,
-144.582,21.0588,43.2939,2,3,4,,,
-144.6073,21.0039,43.2619,2,3,4,,,
-144.6358,20.9642,43.2429,2,3,4,,,
-144.7007,20.9084,43.2248,2,3,4,,,
-144.7396,20.8964,43.2217,2,3,4,,,
-144.8017,20.905,43.2354,2,3,4,,,
-144.837,20.8915,43.2298,2,3,4,,,
-144.8914,20.8731,43.2311,2,3,4,,,
-144.926,20.8613,43.2382,2,3,4,,,
-144.9642,20.8531,43.2249,2,3,4,,,
-145.0114,20.824,43.2243,2,3,4,,,
-145.0377,20.8393,43.2161,2,3,4,,,
-145.0585,20.8777,43.2108,2,3,4,,,
-145.0879,20.8941,43.2001,2,3,4,,,
-145.0753,20.8854,43.1632,2,3,4,,,
-145.1062,20.8545,43.1575,2,3,4,,,
-145.1043,20.8184,43.1596,2,3,4,,,
-145.087,20.7868,43.1379,2,3,4,,,
-145.0676,20.7543,43.102,2,2,4,,,
-145.0522,20.7195,43.0887,2,2,4,,,
-145.0506,20.7192,43.0814,2,2,4,,,
-145.0639,20.732,43.0899,2,2,4,,,
-145.0802,20.7797,43.1244,2,3,4,,,
-145.0992,20.8307,43.1692,2,3,4,,,
-145.1034,20.8447,43.2179,2,3,4,,,
-145.106,20.8764,43.2529,2,3,4,,,
-145.0751,20.8769,43.2832,2,3,4,,,
-145.0668,20.8674,43.2874,2,3,4,,,
-145.07,20.8239,43.318,2,3,4,,,
-145.0981,20.8388,43.3639,2,3,4,,,
-145.1204,20.8607,43.4162,2,3,4,,,
-145.1696,20.9193,43.4778,2,3,4,,,
-145.1872,20.9204,43.5281,2,3,4,,,
-145.2073,20.939,43.5737,2,4,4,,,
-145.2362,20.9494,43.5958,2,4,4,,,
-145.2401,20.9836,43.6255,2,4,4,,,
-145.2384,20.9831,43.657,2,4,4,,,
-145.2144,20.9882,43.6678,2,4,4,,,
-145.2157,20.9985,43.6827,2,4,4,,,
-145.2514,21.0219,43.7088,2,4,4,,,
-145.2534,21.0128,43.7258,2,4,4,,,
-145.2547,21.0182,43.7389,2,4,4,,,
-145.3053,21.0318,43.7741,2,4,4,,,
-145.3395,21.0753,43.7855,2,4,4,,,
-145.2768,21.1455,43.7921,2,4,4,,,
-145.2321,21.213,43.7906,2,4,4,,,
-145.2242,21.2287,43.7528,2,4,4,,,
-145.277,21.1792,43.7199,2,4,4,,,
-145.3485,21.1031,43.6937,2,4,4,,,
-145.3815,21.0753,43.6536,2,4,4,,,
-145.4381,21.0101,43.593,2,4,4,,,
-145.5052,20.9275,43.539,2,3,4,,,
-145.5881,20.8444,43.4873,2,3,4,,,
-145.6009,20.7747,43.4302,2,3,5,,,
-145.6748,20.7281,43.4006,2,3,5,,,
-145.6865,20.6429,43.3628,2,3,5,,,
-145.7675,20.6091,43.3235,2,3,5,,,
-145.8257,20.5301,43.3182,2,3,5,,,
-145.8785,20.3927,43.2832,2,3,5,,,
-145.9174,20.3498,43.253,2,3,5,,,
-145.9294,20.2558,43.236,2,3,5,,,
-145.9593,20.1799,43.2276,2,3,5,,,
-146.0233,20.0875,43.2402,2,3,5,,,
-146.0309,20.0675,43.2505,2,3,5,,,
-146.0657,20.0452,43.2766,2,3,5,,,
-146.1128,20.0383,43.3116,2,3,5,,,
-146.1076,19.9974,43.3406,2,3,5,,,
-146.0467,20.0026,43.3628,2,3,5,,,
-146.0395,20.022,43.3922,2,3,5,,,
-146.0231,20.0587,43.4292,2,3,5,,,
-146.0336,20.0728,43.4641,2,3,5,,,
-146.0342,20.0855,43.4625,2,3,5,,,
-146.0205,20.0977,43.468,2,3,5,,,
-146.054,20.0942,43.4684,2,3,5,,,
-146.09,20.097,43.4909,2,3,5,,,
-146.1676,20.0881,43.5329,2,3,5,,,
-146.2262,20.116,43.5682,2,4,5,,,
-146.2473,20.1687,43.5676,2,4,5,,,
-146.3156,20.1774,43.5834,2,4,5,,,
-146.3935,20.158,43.5868,2,4,5,,,
-146.4977,20.1106,43.5912,2,4,5,,,
-146.5714,20.106,43.5849,2,4,5,,,
-146.6242,20.0793,43.5748,2,4,5,,,
-146.624,20.0164,43.5466,2,3,5,,,
-146.6583,19.9485,43.5172,2,3,5,,,
-146.6458,19.8888,43.4777,2,3,5,,,
-146.6085,19.8442,43.4156,2,3,5,,,
-146.6057,19.8258,43.3781,2,3,5,,,
-146.5878,19.8035,43.335,2,3,5,,,
-146.5817,19.7502,43.2989,2,3,5,,,
-146.548,19.6522,43.2515,2,3,5,,,
-146.5434,19.575,43.21,2,3,5,,,
-146.5523,19.4934,43.1628,2,3,5,,,
-146.5796,19.469,43.1174,2,3,5,,,
-146.5826,19.4334,43.0784,2,2,5,,,
-146.6122,19.4291,43.0687,2,2,5,,,
-146.6152,19.4048,43.0447,2,2,5,,,
-146.6563,19.3523,43.0359,2,2,5,,,
-146.6711,19.3118,43.0053,2,2,5,,,
-146.6699,19.2654,42.9794,2,2,5,,,
-146.6697,19.2108,42.9681,2,2,5,,,
-146.6821,19.1704,42.9595,2,2,5,,,
-146.6907,19.1802,42.9832,2,2,5,,,
-146.7182,19.1884,43.0031,2,2,5,,,
-146.7108,19.1954,43.0135,2,2,5,,,
-146.6539,19.1988,43.0355,2,2,5,,,
-146.6162,19.2336,43.0653,2,2,5,,,
-146.5682,19.2837,43.0839,2,2,5,,,
-146.5534,19.2994,43.1164,2,3,5,,,
-146.5513,19.3148,43.1518,2,3,5,,,
-146.5289,19.3453,43.1847,2,3,5,,,
-146.5259,19.334,43.172,2,3,5,,,
-146.5387,19.2866,43.1496,2,3,5,,,
-146.553,19.2524,43.1348,2,3,5,,,
-146.5388,19.2267,43.1246,2,3,5,,,
-146.5256,19.2224,43.1285,2,3,5,,,
-146.5108,19.2714,43.1567,2,3,5,,,
-146.5066,19.3061,43.1614,2,3,5,,,
-146.4984,19.32,43.1748,2,3,5,,,
-146.5004,19.3422,43.1968,2,3,5,,,
-146.5135,19.3634,43.2175,2,3,5,,,
-146.5171,19.392,43.2414,2,3,5,,,
-146.5049,19.4375,43.2957,2,3,5,,,
-146.5109,19.4538,43.3294,2,3,5,,,
-146.5185,19.4546,43.3511,2,3,5,,,
-146.5086,19.4558,43.3846,2,3,5,,,
-146.4908,19.4711,43.4089,2,3,5,,,
-146.4768,19.4595,43.409,2,3,5,,,
-146.4961,19.4518,43.4212,2,3,5,,,
-146.4949,19.4729,43.4411,2,3,5,,,
-146.5016,19.4781,43.4593,2,3,5,,,
-146.5236,19.4803,43.4779,2,3,5,,,
-146.5364,19.4579,43.4936,2,3,5,,,
-146.5731,19.441,43.4996,2,3,5,,,
-146.5984,19.4086,43.5093,2,3,5,,,
-146.6423,19.3735,43.5251,2,3,5,,,
-146.6797,19.3569,43.5321,2,3,5,,,
-146.7011,19.3384,43.5366,2,3,5,,,
-146.7145,19.3196,43.5442,2,3,5,,,
-146.733,19.2997,43.5483,2,3,5,,,
-146.7382,19.2819,43.5482,2,3,5,,,
-146.7651,19.2584,43.5435,2,3,5,,,
-146.7757,19.231,43.5369,2,3,5,,,
-146.7909,19.2533,43.573,2,4,5,,,
-146.8326,19.2461,43.5972,2,4,5,,,
-146.8522,19.2241,43.6181,2,4,5,,,
-146.8719,19.2134,43.6303,1,4,5,,,
-146.8796,19.1731,43.6395,1,4,5,,,
-146.8762,19.1181,43.658,1,4,5,,,
-146.8518,19.0652,43.6541,2,4,5,,,
-146.8504,19.014,43.6696,2,4,5,,,
-146.8585,18.9489,43.6706,1,4,5,,,
-146.8538,18.9045,43.6612,2,4,5,,,
-146.8545,18.8863,43.6563,1,4,5,,,
-146.8707,18.8686,43.6609,1,4,5,,,
-146.8699,18.8533,43.6489,1,4,5,,,
-146.9065,18.8212,43.6427,1,4,5,,,
-146.9417,18.8009,43.6584,1,4,5,,,
-146.9535,18.8078,43.6698,1,4,5,,,
-146.9693,18.7946,43.6969,1,4,5,,,
-146.9719,18.7988,43.7174,1,4,5,,,
-147,18.8367,43.7426,1,4,5,,,
-147.0352,18.8463,43.7894,1,4,5,,,
-147.09,18.8961,43.8158,1,4,5,,,
-147.1549,18.8952,43.8304,1,4,5,,,
-147.1774,18.9562,43.8597,1,4,5,,,
-147.2422,18.9986,43.8871,1,4,5,,,
-147.2845,19.0185,43.9055,1,4,5,,,
-147.3087,19.0124,43.9337,1,4,5,,,
-147.3578,19.052,43.9379,1,4,5,,,
-147.4215,19.1083,43.9461,1,4,5,,,
-147.5169,19.0876,43.9748,1,4,5,,,
-147.5835,19.1089,43.9898,1,4,5,,,
-147.6369,19.1647,44.0189,1,4,5,,,
-147.7125,19.1953,44.0347,1,4,5,,,
-147.7625,19.2138,44.0224,1,4,5,,,
-147.8466,19.2219,44.0076,1,4,5,,,
-147.929,19.2338,44.0064,1,4,5,,,
-147.9963,19.2044,43.9502,1,4,5,,,
-148.027,19.1839,43.888,1,4,5,,,
-148.0836,19.1889,43.8442,1,4,5,,,
-148.1029,19.2294,43.8169,1,4,5,,,
-148.1064,19.2325,43.7979,1,4,5,,,
-148.0206,19.2983,43.7535,1,4,5,,,
-148,19.3556,43.7284,1,4,5,,,
-147.9386,19.385,43.697,1,4,5,,,
-147.9413,19.3723,43.6712,1,4,5,,,
-147.9375,19.3639,43.6273,1,4,5,,,
-147.9631,19.32,43.561,1,4,5,,,
-147.9678,19.2928,43.4945,1,3,5,,,
-148.0001,19.2556,43.4423,1,3,5,,,
-148.0286,19.2344,43.4008,1,3,5,,,
-148.0456,19.2422,43.4016,1,3,5,,,
-148.0425,19.2609,43.3709,1,3,5,,,
-148.0935,19.2511,43.3758,1,3,5,,,
-148.1016,19.2433,43.3688,1,3,5,,,
-148.1125,19.2391,43.3663,1,3,5,,,
-148.152,19.2255,43.3721,1,3,5,,,
-148.1759,19.1888,43.3727,1,3,5,,,
-148.1718,19.1438,43.3821,1,3,5,,,
-148.1805,19.1649,43.4171,1,3,5,,,
-148.1582,19.1847,43.4549,1,3,5,,,
-148.1141,19.1974,43.4806,1,3,5,,,
-148.0958,19.1854,43.5048,1,3,5,,,
-148.1008,19.1751,43.5008,1,3,5,,,
-148.0432,19.1203,43.4753,1,3,5,,,
-148.0297,19.0496,43.4537,1,3,5,,,
-148.0204,19.0139,43.4451,1,3,5,,,
-148.0649,19.0213,43.4747,1,3,5,,,
-148.0974,19.0933,43.5004,1,3,5,,,
-148.1323,19.1289,43.5427,1,3,5,,,
-148.1763,19.1961,43.5693,1,4,5,,,
-148.2142,19.2138,43.5571,1,4,5,,,
-148.2612,19.2376,43.5524,1,3,5,,,
-148.2929,19.2502,43.5441,1,3,5,,,
-148.3098,19.2959,43.5562,1,4,5,,,
-148.3163,19.3487,43.5776,1,4,5,,,
-148.3301,19.3919,43.5843,1,4,5,,,
-148.3458,19.4011,43.5476,1,3,5,,,
-148.3532,19.4933,43.5512,1,3,5,,,
-148.3432,19.585,43.5637,1,4,5,,,
-148.365,19.696,43.5327,1,3,5,,,
-148.407,19.7559,43.5096,1,3,5,,,
-148.4698,19.8689,43.4886,1,3,5,,,
-148.4905,19.9638,43.4571,1,3,5,,,
-148.5084,19.9885,43.4027,1,3,5,,,
-148.533,19.9694,43.346,1,3,5,,,
-148.5493,19.9558,43.2894,1,3,5,,,
-148.5693,20.0271,43.2788,1,3,5,,,
-148.657,20.0689,43.2802,1,3,5,,,
-148.665,20.1213,43.2686,1,3,5,,,
-148.6375,20.216,43.255,1,3,5,,,
-148.6228,20.2756,43.2674,1,3,5,,,
-148.5919,20.3603,43.276,1,3,5,,,
-148.5965,20.4484,43.2726,1,3,5,,,
-148.6345,20.579,43.2815,1,3,5,,,
-148.6157,20.6606,43.3114,1,3,5,,,
-148.5876,20.7682,43.3287,1,3,5,,,
-148.529,20.9114,43.3544,1,3,5,,,
-148.4981,21.0132,43.3719,1,3,5,,,
-148.489,21.1133,43.3751,1,3,5,,,
-148.4926,21.2447,43.3832,1,3,5,,,
-148.4833,21.362,43.3606,1,3,5,,,
-148.4682,21.4439,43.356,1,3,5,,,
-148.4845,21.5668,43.3461,1,3,5,,,
-148.5529,21.5951,43.3204,1,3,5,,,
-148.5907,21.6878,43.301,1,3,5,,,
-148.5621,21.7931,43.2599,1,3,5,,,
-148.5279,21.8942,43.2459,1,3,5,,,
-148.4601,22.0547,43.1984,1,3,5,,,
-148.3539,22.1894,43.1326,1,3,5,,,
-148.3572,22.2729,43.0701,1,2,5,,,
-148.4749,22.319,43.0292,1,2,5,,,
-148.639,22.2932,43.0056,1,2,5,,,
-148.8384,22.1951,42.9783,1,2,5,,,
-149.0766,22.0979,42.9677,1,2,5,,,
-149.2121,22.0411,42.9612,1,2,5,,,
-149.3326,22.0236,42.9617,1,2,5,,,
-149.4204,21.9993,42.9487,1,2,5,,,
-149.4033,21.973,42.9077,1,2,5,,,
-149.3777,21.9543,42.8585,1,2,5,,,
-149.294,21.9499,42.8095,1,2,5,,,
-149.259,21.8944,42.7469,1,2,5,,,
-149.2406,21.8664,42.7007,1,2,5,,,
-149.2162,21.9007,42.6797,1,2,5,,,
-149.2182,21.8956,42.6322,1,2,5,,,
-149.2026,21.9199,42.5738,1,2,5,,,
-149.2072,21.9255,42.5412,1,2,5,,,
-149.2185,21.929,42.5204,1,2,5,,,
-149.2386,21.9614,42.5218,1,2,5,,,
-149.2872,21.9855,42.5092,1,2,5,,,
-149.3148,21.9714,42.5059,1,2,5,,,
-149.3367,21.9895,42.5106,1,2,5,,,
-149.3687,21.9871,42.5004,1,2,5,,,
-149.4255,21.9776,42.4914,1,2,5,,,
-149.4828,21.9329,42.4988,1,2,5,,,
-149.4628,21.9571,42.5139,1,2,5,,,
-149.4854,21.9814,42.5045,1,2,5,,,
-149.5117,21.9568,42.5174,1,2,5,,,
-149.535,21.9635,42.5131,1,2,5,,,
-149.5403,21.9841,42.5027,1,2,5,,,
-149.525,21.9681,42.4995,1,2,5,,,
-149.5234,21.9579,42.4697,1,2,5,,,
-149.5386,21.9383,42.4502,1,2,5,,,
-149.5558,21.9706,42.4211,1,2,5,,,
-149.5629,21.9697,42.4141,1,2,5,,,
-149.5878,21.9599,42.399,1,2,5,,,
-149.5836,21.9914,42.3948,1,2,5,,,
-149.5711,21.9763,42.391,1,2,5,,,
-149.5118,21.9611,42.3802,1,2,5,,,
-149.4401,21.9303,42.3412,1,2,5,,,
-149.3393,21.9498,42.2875,1,2,5,,,
-149.2739,21.9651,42.2539,1,2,5,,,
-149.2464,21.9563,42.2574,1,2,5,,,
-149.2484,21.9335,42.2902,1,2,5,,,
-149.2835,21.9203,42.3314,1,2,5,,,
-149.301,21.887,42.3704,1,2,5,,,
-149.3857,21.8785,42.4209,1,2,5,,,
-149.4241,21.8624,42.4326,1,2,5,,,
-149.4727,21.879,42.4527,1,2,5,,,
-149.576,21.9046,42.4938,1,2,5,,,
-149.6283,21.9601,42.5277,1,2,5,,,
-149.6542,22.0739,42.5958,1,2,5,,,
-149.6955,22.2524,42.7358,1,2,5,,,
-149.7079,22.3723,42.828,1,2,5,,,
-149.7433,22.4408,42.8686,1,2,5,,,
-149.7245,22.4357,42.848,1,2,5,,,
-149.7351,22.3675,42.806,1,2,5,,,
-149.7119,22.2918,42.7732,1,2,5,,,
-149.6917,22.1857,42.7135,1,2,5,,,
-149.6443,22.0855,42.6647,1,2,5,,,
-149.5947,22.0212,42.6272,1,2,5,,,
-149.6114,22.0143,42.6084,1,2,5,,,
-149.626,22.0093,42.5874,1,2,5,,,
-149.6519,21.952,42.5581,1,2,5,,,
-149.6435,21.9006,42.5451,1,2,5,,,
-149.6432,21.8897,42.5067,1,2,5,,,
-149.6374,21.8386,42.4575,1,2,5,,,
-149.6237,21.8017,42.3952,1,2,5,,,
-149.6449,21.7609,42.3488,1,2,5,,,
-149.6487,21.7366,42.3067,1,2,5,,,
-149.5838,21.7809,42.2846,1,2,5,,,
-149.532,21.7948,42.2648,1,2,5,,,
-149.6044,21.6905,42.2753,1,2,5,,,
-149.681,21.5895,42.2711,1,2,5,,,
-149.6807,21.5163,42.254,1,2,5,,,
-149.6902,21.4522,42.2491,1,2,5,,,
-149.6817,21.4317,42.2333,1,2,5,,,
-149.6385,21.4224,42.2278,1,2,5,,,
-149.6128,21.4098,42.217,1,2,5,,,
-149.566,21.4456,42.2246,1,2,5,,,
-149.5024,21.542,42.2358,1,2,5,,,
-149.4311,21.5933,42.245,1,2,5,,,
-149.4058,21.6481,42.2535,1,2,5,,,
-149.37,21.6604,42.2678,1,2,5,,,
-149.3438,21.6917,42.2824,1,2,5,,,
-149.3382,21.7919,42.3199,1,2,5,,,
-149.3055,21.8595,42.3555,1,2,5,,,
-149.2657,21.8664,42.3679,1,2,5,,,
-149.3086,21.9122,42.4281,1,2,5,,,
-149.3532,21.95,42.4612,1,2,5,,,
-149.4535,21.8899,42.5415,1,2,5,,,
-149.5305,21.8265,42.5689,1,2,5,,,
-149.6238,21.8158,42.5851,1,2,5,,,
-149.6411,21.8686,42.6426,1,2,5,,,
-149.6294,21.9793,42.7178,1,2,5,,,
-149.5368,22.0585,42.7654,1,2,5,,,
-149.4606,22.0991,42.7868,1,2,5,,,
-149.3292,22.166,42.7653,1,2,5,,,
-149.2267,22.2276,42.7349,1,2,5,,,
-149.1561,22.3312,42.682,1,2,5,,,
-149.1732,22.3986,42.6541,1,2,5,,,
-149.2336,22.4627,42.6525,1,2,5,,,
-149.3038,22.5007,42.6441,1,2,5,,,
-149.3823,22.4252,42.6078,1,2,5,,,
-149.4777,22.3674,42.5834,1,2,5,,,
-149.5218,22.336,42.5523,1,2,5,,,
-149.5311,22.3669,42.558,1,2,5,,,
-149.5268,22.4245,42.5659,1,2,5,,,
-149.5916,22.4041,42.57,1,2,5,,,
-149.6546,22.4115,42.5625,1,2,5,,,
-149.7062,22.4697,42.5995,1,2,5,,,
-149.7548,22.5056,42.6335,1,2,5,,,
-149.8136,22.5113,42.6364,1,2,5,,,
-149.8528,22.545,42.6376,1,2,5,,,
-149.8723,22.5076,42.6264,1,2,5,,,
-149.8653,22.4836,42.6153,1,2,5,,,
-149.8467,22.5118,42.5992,1,2,5,,,
-149.8003,22.5102,42.5747,1,2,5,,,
-149.7063,22.4797,42.5627,1,2,5,,,
-149.6588,22.472,42.5483,1,2,5,,,
-149.5816,22.4613,42.5492,1,2,5,,,
-149.5359,22.4981,42.5377,1,2,5,,,
-149.5044,22.5226,42.5107,1,2,5,,,
-149.4856,22.5564,42.4811,1,2,5,,,
-149.4631,22.5649,42.4522,1,2,5,,,
-149.4577,22.5617,42.4732,1,2,5,,,
-149.4553,22.6474,42.4831,1,2,5,,,
-149.4417,22.7194,42.4635,1,2,5,,,
-149.4279,22.7637,42.429,1,2,5,,,
-149.3642,22.8075,42.3934,1,2,5,,,
-149.2701,22.8518,42.3882,1,2,5,,,
-149.2085,22.9132,42.3516,1,2,5,,,
-149.1236,22.9974,42.3299,1,2,5,,,
-149.0621,23.0595,42.3079,1,2,5,,,
-148.9679,23.154,42.2934,1,2,5,,,
-148.8947,23.225,42.2714,1,2,5,,,
-148.8429,23.2137,42.2539,1,2,5,,,
-148.83,23.2238,42.2192,1,2,5,,,
-148.7956,23.2661,42.1828,1,2,5,,,
-148.7773,23.2858,42.1564,1,2,5,,,
-148.7526,23.2804,42.1073,1,2,5,,,
-148.7266,23.2568,42.0682,1,2,5,,,
-148.6722,23.2686,42.0127,1,1,5,,,
-148.6639,23.2491,41.9765,1,1,5,,,
-148.6812,23.2302,41.9329,1,1,5,,,
-148.6803,23.2378,41.9041,1,1,5,,,
-148.6772,23.2342,41.8548,1,1,5,,,
-148.6512,23.2111,41.7948,1,1,5,,,
-148.6391,23.1968,41.7599,1,1,5,,,
-148.5912,23.1771,41.7002,1,1,5,,,
-148.5467,23.1677,41.6506,1,1,5,,,
-148.5224,23.1631,41.6044,1,1,5,,,
-148.4552,23.151,41.5663,1,1,5,,,
-148.3741,23.0813,41.5286,1,1,5,,,
-148.3096,23.0568,41.5013,1,1,5,,,
-148.2632,23.0115,41.4629,1,1,5,,,
-148.2267,22.9962,41.4312,1,1,5,,,
-148.1659,23.0014,41.424,1,1,5,,,
-148.1727,22.9383,41.3912,1,1,5,,,
-148.2236,22.8978,41.3715,1,1,5,,,
-148.2789,22.86,41.3792,1,1,5,,,
-148.3439,22.8102,41.3733,1,1,5,,,
-148.398,22.7747,41.3811,1,1,5,,,
-148.455,22.765,41.4134,1,1,4,,,
-148.4612,22.7958,41.4487,1,1,4,,,
-148.5056,22.8281,41.49,1,1,4,,,
-148.4846,22.8902,41.4869,1,1,4,,,
-148.5078,22.8427,41.4731,1,1,4,,,
-148.5237,22.7747,41.4502,1,1,4,,,
-148.5652,22.7738,41.4027,1,1,4,,,
-148.567,22.7912,41.3602,1,1,4,,,
-148.5815,22.7945,41.3302,1,1,4,,,
-148.5807,22.7873,41.2927,1,1,4,,,
-148.5459,22.7916,41.2703,1,1,4,,,
-148.5203,22.7864,41.2499,1,1,4,,,
-148.532,22.7912,41.2423,1,1,4,,,
-148.5295,22.8107,41.2234,1,1,4,,,
-148.5146,22.8214,41.2073,1,1,4,,,
-148.4766,22.8027,41.1934,1,1,4,,,
-148.4054,22.8044,41.1769,1,1,4,,,
-148.329,22.802,41.1537,1,1,4,,,
-148.2416,22.768,41.1459,1,1,4,,,
-148.1739,22.7375,41.1461,1,1,4,,,
-148.1625,22.7392,41.1613,1,1,4,,,
-148.1915,22.7482,41.2074,1,1,4,,,
-148.2147,22.8018,41.2519,1,1,4,,,
-148.1838,22.8551,41.2816,1,1,4,,,
-148.1698,22.915,41.3114,1,1,4,,,
-148.1746,22.9569,41.3385,1,1,4,,,
-148.1176,23.006,41.3601,1,1,4,,,
-148.0893,23.0619,41.4035,1,1,4,,,
-148.0375,23.127,41.4235,1,1,4,,,
-147.9793,23.1961,41.4695,1,1,4,,,
-147.9192,23.257,41.4986,1,1,4,,,
-147.8975,23.334,41.5172,1,1,4,,,
-147.8982,23.4222,41.5125,1,1,4,,,
-147.8423,23.4141,41.5139,1,1,4,,,
-147.7787,23.4015,41.5146,1,1,4,,,
-147.7117,23.4128,41.518,1,1,4,,,
-147.6642,23.404,41.5371,1,1,4,,,
-147.5806,23.3944,41.5385,1,1,4,,,
-147.4668,23.4124,41.5234,1,1,4,,,
-147.3751,23.4444,41.5232,1,1,4,,,
-147.2957,23.4731,41.5369,1,1,4,,,
-147.2876,23.5053,41.5508,1,1,4,,,
-147.2673,23.5449,41.5654,1,1,4,,,
-147.2479,23.5491,41.5827,1,1,4,,,
-147.2789,23.5444,41.573,1,1,4,,,
-147.3493,23.5493,41.5921,1,1,4,,,
-147.4297,23.5711,41.5967,1,1,4,,,
-147.5098,23.5756,41.6061,1,1,4,,,
-147.5857,23.5749,41.581,1,1,4,,,
-147.6089,23.5325,41.5471,1,1,4,,,
-147.6007,23.4833,41.535,1,1,4,,,
-147.5709,23.4938,41.5354,1,1,4,,,
-147.5249,23.5045,41.5457,1,1,4,,,
-147.5373,23.5112,41.5638,1,1,4,,,
-147.5322,23.5033,41.6014,1,1,4,,,
-147.4957,23.5029,41.6085,1,1,4,,,
-147.4746,23.4974,41.6229,1,1,4,,,
-147.4072,23.4892,41.6101,1,1,4,,,
-147.3074,23.533,41.6328,1,1,4,,,
-147.2344,23.5733,41.6765,1,1,4,,,
-147.1924,23.59,41.7093,1,1,4,,,
-147.1593,23.5775,41.7232,1,1,4,,,
-147.101,23.5617,41.7201,1,1,4,,,
-147.1147,23.533,41.7119,1,1,4,,,
-147.1005,23.5551,41.7086,1,1,4,,,
-147.1086,23.5955,41.7304,1,1,4,,,
-147.0927,23.642,41.7599,1,1,4,,,
-147.0885,23.6744,41.7693,1,1,4,,,
-147.0176,23.7116,41.787,1,1,4,,,
-146.9986,23.6828,41.781,1,1,4,,,
-146.9449,23.6781,41.7993,1,1,4,,,
-146.9228,23.6752,41.7766,1,1,4,,,
-146.8968,23.6792,41.7433,1,1,4,,,
-146.8778,23.6972,41.7308,1,1,4,,,
-146.8574,23.6566,41.6789,1,1,4,,,
-146.8262,23.6072,41.6292,2,1,4,,,
-146.8415,23.5609,41.5594,2,1,4,,,
-146.8554,23.5665,41.5144,1,1,4,,,
-146.8733,23.5438,41.4661,1,1,4,,,
-146.8893,23.5223,41.4321,1,1,4,,,
-146.8677,23.5105,41.4039,1,1,4,,,
-146.8723,23.5001,41.3917,1,1,4,,,
-146.8868,23.5149,41.3779,1,1,4,,,
-146.8883,23.4884,41.3639,1,1,4,,,
-146.8913,23.4479,41.3374,1,1,4,,,
-146.8918,23.4326,41.3214,1,1,4,,,
-146.9212,23.4285,41.307,1,1,4,,,
-146.8687,23.4386,41.2904,1,1,4,,,
-146.7813,23.4375,41.2923,2,1,4,,,
-146.7044,23.4482,41.3013,2,1,4,,,
-146.6482,23.4269,41.2879,2,1,4,,,
-146.5719,23.4034,41.2677,2,1,4,,,
-146.4833,23.417,41.2886,2,1,4,,,
-146.4088,23.4313,41.3008,2,1,4,,,
-146.3367,23.4141,41.3394,2,1,4,,,
-146.3231,23.4652,41.3797,2,1,4,,,
-146.2935,23.5112,41.4225,2,1,4,,,
-146.2624,23.5829,41.4486,2,1,4,,,
-146.2184,23.6557,41.4761,2,1,4,,,
-146.1771,23.6535,41.4869,2,1,4,,,
-146.1114,23.6836,41.4924,2,1,4,,,
-146.0939,23.6982,41.5046,2,1,4,,,
-146.084,23.6792,41.5042,2,1,4,,,
-146.0463,23.698,41.5187,2,1,4,,,
-146.022,23.658,41.5218,2,1,4,,,
-145.9576,23.6724,41.5245,2,1,4,,,
-145.9118,23.6507,41.5498,2,1,4,,,
-145.9046,23.6517,41.5632,2,1,4,,,
-145.8875,23.674,41.5858,2,1,4,,,
-145.8547,23.7243,41.6084,2,1,4,,,
-145.8121,23.7274,41.6081,2,1,4,,,
-145.7802,23.7433,41.6186,2,1,4,,,
-145.7086,23.751,41.6302,2,1,4,,,
-145.6525,23.7791,41.6452,2,1,4,,,
-145.6645,23.7581,41.6797,2,1,4,,,
-145.709,23.7698,41.7019,2,1,4,,,
-145.7173,23.7466,41.6857,2,1,4,,,
-145.7415,23.7172,41.6602,2,1,4,,,
-145.7557,23.708,41.6445,2,1,4,,,
-145.7171,23.6594,41.618,2,1,4,,,
-145.7222,23.5979,41.5937,2,1,4,,,
-145.7228,23.5697,41.5749,2,1,4,,,
-145.7183,23.5611,41.5625,2,1,4,,,
-145.7171,23.5454,41.5431,2,1,4,,,
-145.6841,23.5476,41.5333,2,1,4,,,
-145.6475,23.5373,41.5401,2,1,4,,,
-145.6215,23.5554,41.5348,2,1,4,,,
-145.5758,23.6244,41.5265,2,1,4,,,
-145.5438,23.6777,41.5344,2,1,4,,,
-145.5009,23.7455,41.5126,2,1,4,,,
-145.5083,23.7799,41.5139,2,1,4,,,
-145.4992,23.8409,41.5173,2,1,4,,,
-145.5063,23.9164,41.5209,2,1,4,,,
-145.4911,23.9449,41.5224,2,1,4,,,
-145.4893,23.9444,41.52,2,1,4,,,
-145.4661,23.975,41.5321,2,1,4,,,
-145.468,23.9659,41.5353,2,1,4,,,
-145.4452,23.9648,41.5679,2,1,4,,,
-145.3884,23.9451,41.6151,2,1,4,,,
-145.3573,23.9327,41.6772,2,1,4,,,
-145.2972,23.9726,41.7292,2,1,4,,,
-145.2567,23.978,41.782,2,1,4,,,
-145.1939,24.02,41.8203,2,1,4,,,
-145.1463,23.981,41.8524,2,1,4,,,
-145.1196,23.9874,41.8693,2,1,4,,,
-145.1095,24.0126,41.8811,2,1,4,,,
-145.0515,24.0659,41.8944,2,1,4,,,
-145.0454,24.1323,41.8984,2,1,4,,,
-145.0318,24.1388,41.9051,2,1,4,,,
-145.0352,24.1588,41.8986,2,1,4,,,
-144.9954,24.1848,41.9094,2,1,4,,,
-144.9709,24.1924,41.9133,2,1,4,,,
-144.9332,24.2165,41.9156,2,1,4,,,
-144.9505,24.2535,41.9267,2,1,4,,,
-144.9058,24.2948,41.9543,2,1,4,,,
-144.9005,24.3536,41.9765,2,1,4,,,
-144.9057,24.3478,41.9731,2,1,4,,,
-144.9431,24.351,41.9497,2,1,4,,,
-144.9753,24.3605,41.9019,2,1,4,,,
-145.0745,24.328,41.8823,2,1,4,,,
-145.1432,24.3286,41.8382,2,1,4,,,
-145.1891,24.289,41.7722,2,1,4,,,
-145.2028,24.2466,41.7212,2,1,4,,,
-145.1628,24.2436,41.6914,2,1,4,,,
-145.1277,24.2364,41.667,2,1,4,,,
-145.0903,24.2164,41.6621,2,1,4,,,
-145.0371,24.1907,41.6378,2,1,4,,,
-144.9502,24.2043,41.6314,2,1,4,,,
-144.8876,24.1898,41.6203,2,1,4,,,
-144.7561,24.1952,41.5909,2,1,4,,,
-144.6645,24.2023,41.6059,2,1,4,,,
-144.5935,24.1665,41.6329,2,1,4,,,
-144.5599,24.1622,41.6594,2,1,4,,,
-144.4958,24.1909,41.6968,2,1,4,,,
-144.4664,24.25,41.7284,2,1,4,,,
-144.3849,24.2997,41.7666,2,1,4,,,
-144.3303,24.34,41.8116,2,1,4,,,
-144.2713,24.338,41.8524,2,1,4,,,
-144.1985,24.3894,41.8958,2,1,4,,,
-144.1218,24.3936,41.9421,2,1,4,,,
-144.0891,24.4181,41.9912,2,1,4,,,
-144.0447,24.4631,42.0073,2,1,4,,,
-144.0269,24.5174,42.0409,2,1,4,,,
-143.9799,24.5204,42.0417,2,2,4,,,
-143.9477,24.4849,42.0565,2,2,4,,,
-143.9047,24.4618,42.0484,2,2,4,,,
-143.8502,24.482,42.036,2,1,4,,,
-143.8572,24.4795,42.0189,2,1,4,,,
-143.8688,24.4562,41.9955,2,1,4,,,
-143.8709,24.3622,41.9517,2,1,4,,,
-143.8251,24.2829,41.9373,2,1,4,,,
-143.7893,24.1518,41.9064,2,1,4,,,
-143.728,24.0211,41.8693,2,1,4,,,
-143.6958,23.8993,41.8253,2,1,4,,,
-143.6452,23.8196,41.8217,2,1,4,,,
-143.6603,23.7362,41.836,2,1,4,,,
-143.6747,23.628,41.8433,2,1,4,,,
-143.6654,23.5913,41.8584,2,1,4,,,
-143.6674,23.5727,41.8454,2,1,4,,,
-143.6819,23.5209,41.8577,2,1,4,,,
-143.6589,23.4492,41.8645,2,1,4,,,
-143.6443,23.4117,41.8686,2,1,4,,,
-143.663,23.4071,41.8794,2,1,4,,,
-143.6732,23.4151,41.8656,2,1,4,,,
-143.6402,23.4207,41.8755,2,1,4,,,
-143.5874,23.4177,41.8798,2,1,4,,,
-143.5527,23.3872,41.8876,2,1,4,,,
-143.5085,23.3435,41.8998,3,1,4,,,
-143.46,23.3422,41.9215,3,1,4,,,
-143.429,23.3665,41.9496,3,1,4,,,
-143.3992,23.3769,41.9733,3,1,4,,,
-143.3861,23.4173,42.0147,3,1,4,,,
-143.3707,23.4608,42.033,3,1,4,,,
-143.345,23.4843,42.0548,3,2,4,,,
-143.3064,23.5062,42.0564,3,2,4,,,
-143.2321,23.5186,42.0581,3,2,4,,,
-143.11,23.5597,42.044,3,2,4,,,
-143.0193,23.6184,42.0378,3,1,4,,,
-142.9952,23.677,42.0263,3,1,4,,,
-142.9698,23.7532,42.0514,3,2,4,,,
-142.9847,23.8233,42.0743,3,2,4,,,
-142.9943,23.7861,42.0829,3,2,4,,,
-142.9852,23.7499,42.0886,3,2,4,,,
-142.9887,23.6909,42.0812,3,2,4,,,
-143.0114,23.6558,42.0597,3,2,4,,,
-143.0435,23.6505,42.0645,3,2,4,,,
-142.9949,23.6263,42.0637,3,2,4,,,
-143.0152,23.5752,42.062,3,2,4,,,
-143.0256,23.5183,42.0549,3,2,4,,,
-143.0109,23.5081,42.0703,3,2,4,,,
-143.0539,23.5232,42.0807,3,2,4,,,
-143.0417,23.5029,42.0892,3,2,4,,,
-143.0325,23.5099,42.0851,3,2,4,,,
-143.0287,23.5307,42.079,3,2,4,,,
-143.0123,23.5692,42.1114,3,2,4,,,
-142.9954,23.6188,42.1619,3,2,4,,,
-142.9627,23.67,42.2,3,2,4,,,
-142.9851,23.676,42.2076,3,2,4,,,
-143.0224,23.6972,42.1953,3,2,4,,,
-143.0826,23.6996,42.1759,3,2,4,,,
-143.1181,23.6873,42.1529,3,2,4,,,
-143.1629,23.7178,42.1345,3,2,4,,,
-143.2399,23.7083,42.089,3,2,4,,,
-143.2814,23.6814,42.0363,3,1,4,,,
-143.3362,23.6758,42.0162,3,1,4,,,
-143.3499,23.6786,42.012,3,1,4,,,
-143.362,23.6702,42.0015,3,1,4,,,
-143.3449,23.6349,41.983,3,1,4,,,
-143.3506,23.5984,41.9624,3,1,4,,,
-143.3479,23.5808,41.9567,3,1,4,,,
-143.3213,23.5866,41.9502,3,1,4,,,
-143.2876,23.5707,41.9653,3,1,4,,,
-143.2488,23.5774,42.0023,3,1,4,,,
-143.2242,23.5981,42.0583,3,2,4,,,
-143.1955,23.6241,42.0908,3,2,4,,,
-143.1577,23.6618,42.1303,3,2,4,,,
-143.0862,23.6763,42.1701,3,2,4,,,
-143.0593,23.6363,42.1944,3,2,4,,,
-143.0276,23.5853,42.2258,3,2,4,,,
-142.9828,23.5743,42.264,3,2,4,,,
-142.9149,23.5707,42.3039,3,2,4,,,
-142.8339,23.613,42.3622,3,2,4,,,
-142.7549,23.6364,42.4062,3,2,4,,,
-142.7159,23.6387,42.4533,3,2,4,,,
-142.6592,23.6536,42.488,3,2,4,,,
-142.6297,23.6686,42.5279,3,2,4,,,
-142.6103,23.6424,42.5566,3,2,4,,,
-142.5938,23.6177,42.5935,3,2,4,,,
-142.5857,23.6055,42.6428,3,2,4,,,
-142.539,23.5927,42.6898,3,2,4,,,
-142.521,23.5343,42.7388,3,2,4,,,
-142.4508,23.4994,42.7411,3,2,4,,,
-142.3663,23.4868,42.7535,4,2,4,,,
-142.3267,23.4809,42.7768,4,2,4,,,
-142.2998,23.4696,42.8198,4,2,4,,,
-142.2456,23.536,42.8232,4,2,4,,,
-142.1603,23.5361,42.8516,4,2,4,,,
-142.1018,23.5839,42.8615,4,2,4,,,
-141.9995,23.5682,42.8701,4,2,4,,,
-141.9309,23.5941,42.8805,4,2,4,,,
-141.8794,23.6478,42.9031,4,2,4,,,
-141.8289,23.675,42.9259,4,2,4,,,
-141.7612,23.6928,42.9483,4,2,4,,,
-141.7228,23.6493,42.9647,4,2,4,,,
-141.6753,23.6925,43.002,4,2,4,,,
-141.6938,23.7003,42.9993,4,2,4,,,
-141.6721,23.7546,43.0323,4,2,4,,,
-141.6178,23.7964,43.0675,4,2,4,,,
-141.6589,23.8191,43.0973,4,2,4,,,
-141.599,23.8202,43.1189,4,3,5,,,
-141.6154,23.8254,43.1933,4,3,5,,,
-141.6689,23.8462,43.2518,4,3,5,,,
-141.6598,23.9164,43.3428,4,3,5,,,
-141.6859,23.9823,43.4455,4,3,5,,,
-141.7207,24.0235,43.5174,4,3,5,,,
-141.786,24.006,43.5761,4,4,5,,,
-141.8871,24.015,43.601,4,4,5,,,
-141.941,24.0038,43.6388,4,4,5,,,
-142.0089,24.0275,43.684,4,4,5,,,
-142.0706,24.0227,43.7029,4,4,5,,,
-142.1084,24.0085,43.7006,4,4,5,,,
-142.1564,23.9862,43.7151,4,4,5,,,
-142.2076,23.9418,43.7094,4,4,5,,,
-142.2328,23.9405,43.7024,4,4,5,,,
-142.2604,23.9117,43.7152,4,4,5,,,
-142.31,23.9174,43.7146,4,4,5,,,
-142.3292,23.9058,43.7116,4,4,5,,,
-142.4033,23.8636,43.7307,3,4,5,,,
-142.5049,23.8897,43.7359,3,4,5,,,
-142.5773,23.8956,43.7279,3,4,5,,,
-142.6754,23.8579,43.7434,3,4,5,,,
-142.7307,23.8052,43.7572,3,4,5,,,
-142.8099,23.7698,43.7581,3,4,5,,,
-142.8763,23.7749,43.7786,3,4,5,,,
-142.9301,23.7582,43.8156,3,4,5,,,
-142.9808,23.7468,43.8374,3,4,5,,,
-142.9667,23.7545,43.8383,3,4,5,,,
-142.9493,23.7091,43.8182,3,4,5,,,
-142.9167,23.6351,43.7695,3,4,5,,,
-142.8912,23.577,43.7374,3,4,5,,,
-142.9107,23.5039,43.6971,3,4,5,,,
-142.9169,23.408,43.6357,3,4,5,,,
-142.9329,23.2694,43.5694,3,4,5,,,
-142.9642,23.1509,43.5212,3,3,5,,,
-142.9943,23.0401,43.4786,3,3,5,,,
-143.0042,22.9871,43.4427,3,3,5,,,
-143.0196,22.9415,43.399,3,3,5,,,
-142.963,22.8742,43.3597,3,3,5,,,
-142.9383,22.8526,43.3227,3,3,5,,,
-142.8944,22.8509,43.2853,3,3,5,,,
-142.9063,22.8297,43.2736,3,3,5,,,
-142.9096,22.8059,43.2607,3,3,5,,,
-142.8811,22.8492,43.2954,3,3,5,,,
-142.9047,22.8614,43.3207,3,3,5,,,
-142.9778,22.8621,43.3502,3,3,5,,,
-143.0844,22.8874,43.3554,3,3,5,,,
-143.1307,22.9164,43.3678,3,3,5,,,
-143.2004,22.957,43.3628,3,3,5,,,
-143.2257,22.9615,43.363,3,3,5,,,
-143.2221,23.0017,43.3514,3,3,5,,,
-143.3024,23.06,43.3212,3,3,5,,,
-143.3875,23.1689,43.2916,3,3,5,,,
-143.429,23.239,43.2533,3,3,5,,,
-143.5073,23.3098,43.2278,3,3,5,,,
-143.5001,23.3644,43.2028,3,3,5,,,
-143.4755,23.379,43.1728,3,3,5,,,
-143.4314,23.3659,43.148,3,3,5,,,
-143.3749,23.3611,43.1431,3,3,5,,,
-143.3491,23.3362,43.1409,3,3,5,,,
-143.3099,23.3752,43.1563,3,3,5,,,
-143.2697,23.3744,43.1454,3,3,5,,,
-143.2479,23.4019,43.1643,3,3,5,,,
-143.2264,23.4062,43.1614,3,3,5,,,
-143.2494,23.4063,43.1634,3,3,5,,,
-143.2193,23.4174,43.1606,3,3,5,,,
-143.2511,23.4112,43.1545,3,3,5,,,
-143.2435,23.397,43.1406,3,3,5,,,
-143.2769,23.4153,43.1276,3,3,5,,,
-143.26,23.4072,43.1151,3,2,5,,,
-143.247,23.3716,43.1026,3,2,5,,,
-143.2366,23.3676,43.0963,3,2,5,,,
-143.1966,23.386,43.0994,3,2,5,,,
-143.1819,23.3513,43.101,3,2,5,,,
-143.151,23.3079,43.0899,3,2,5,,,
-143.1727,23.2466,43.0918,3,2,5,,,
-143.1695,23.2351,43.0885,3,2,5,,,
-143.1998,23.2075,43.0972,3,2,5,,,
-143.1914,23.1421,43.082,3,2,5,,,
-143.1874,23.1134,43.0771,3,2,5,,,
-143.1647,23.0429,43.0586,3,2,5,,,
-143.122,22.9837,43.0299,3,2,5,,,
-143.0985,22.9657,43.0011,3,2,5,,,
-143.1485,22.8728,42.9783,3,2,5,,,
-143.1352,22.8587,42.9418,3,2,5,,,
-143.0974,22.7658,42.938,3,2,5,,,
-143.0511,22.7304,42.9267,3,2,5,,,
-143.0271,22.6944,42.9195,3,2,5,,,
-143.0454,22.6753,42.9452,3,2,5,,,
-142.9935,22.7018,42.9905,3,2,5,,,
-142.9585,22.6823,43.0209,3,2,5,,,
-142.9571,22.6398,43.068,3,2,5,,,
-142.9426,22.643,43.1119,3,2,5,,,
-142.9089,22.6651,43.1531,3,3,5,,,
-142.9259,22.6809,43.2022,3,3,5,,,
-142.9371,22.7099,43.2565,3,3,5,,,
-142.9415,22.7184,43.3109,3,3,5,,,
-142.9127,22.7114,43.3556,3,3,5,,,
-142.9054,22.6767,43.3971,3,3,5,,,
-142.8874,22.6866,43.4395,3,3,5,,,
-142.8831,22.6839,43.4932,3,3,5,,,
-142.8261,22.7165,43.5455,3,3,5,,,
-142.8479,22.7617,43.6143,3,4,5,,,
-142.8467,22.7512,43.6568,3,4,5,,,
-142.856,22.6878,43.6713,3,4,5,,,
-142.8555,22.6217,43.6719,3,4,5,,,
-142.872,22.5599,43.69,3,4,5,,,
-142.8515,22.4845,43.6797,3,4,5,,,
-142.8373,22.445,43.6781,3,4,5,,,
-142.8163,22.3746,43.668,3,4,5,,,
-142.815,22.3223,43.6635,3,4,5,,,
-142.7986,22.277,43.6652,3,4,5,,,
-142.8472,22.2949,43.6896,3,4,5,,,
-142.8367,22.2742,43.6938,3,4,5,,,
-142.8633,22.2767,43.7166,3,4,5,,,
-142.9033,22.3198,43.7367,3,4,5,,,
-143.0273,22.3948,43.7852,3,4,5,,,
-143.0922,22.4357,43.8236,3,4,5,,,
-143.1842,22.4802,43.8798,3,4,5,,,
-143.2351,22.4528,43.9053,3,4,5,,,
-143.2577,22.3653,43.9259,3,4,5,,,
-143.2519,22.2764,43.9388,3,4,5,,,
-143.2355,22.1937,43.9677,3,4,5,,,
-143.2556,22.133,43.9891,3,4,5,,,
-143.2981,22.0753,44.0092,3,4,5,,,
-143.323,22.0471,44.0373,3,4,5,,,
-143.3141,22.0631,44.1147,3,4,5,,,
-143.3323,22.0593,44.1947,3,4,5,,,
-143.3456,22.0601,44.238,3,4,5,,,
-143.2694,22.0629,44.2671,3,4,5,,,
-143.2723,22.0518,44.248,3,4,5,,,
-143.2446,21.9877,44.2092,3,4,5,,,
-143.2172,21.9168,44.1551,3,4,5,,,
-143.1277,21.8092,44.0483,3,4,5,,,
-143.0457,21.7049,43.9603,3,4,5,,,
-142.9469,21.6435,43.8834,3,4,5,,,
-142.9028,21.5671,43.8106,3,4,5,,,
-142.8479,21.4726,43.7384,3,4,5,,,
-142.821,21.4103,43.689,3,4,5,,,
-142.7616,21.413,43.6719,3,4,5,,,
-142.7193,21.3966,43.6507,3,4,5,,,
-142.6838,21.3959,43.6442,3,4,5,,,
-142.6438,21.3959,43.6394,3,4,5,,,
-142.6087,21.4248,43.6394,3,4,5,,,
-142.5982,21.4345,43.6184,3,4,5,,,
-142.5812,21.4356,43.5694,3,4,5,,,
-142.5811,21.4213,43.5489,3,3,5,,,
-142.5656,21.4206,43.5251,3,3,5,,,
-142.5643,21.4605,43.519,3,3,5,,,
-142.5692,21.4636,43.5128,3,3,5,,,
-142.5842,21.4533,43.5322,3,3,5,,,
-142.5319,21.4765,43.5526,3,3,5,,,
-142.5738,21.5394,43.5958,3,4,5,,,
-142.5939,21.5891,43.5972,3,4,5,,,
-142.5648,21.6311,43.6229,3,4,5,,,
-142.5373,21.6602,43.615,3,4,5,,,
-142.5102,21.6398,43.6012,3,4,5,,,
-142.5778,21.5954,43.584,3,4,5,,,
-142.5569,21.5505,43.5543,3,3,5,,,
-142.5169,21.4918,43.5756,3,4,5,,,
-142.4737,21.4689,43.6092,3,4,5,,,
-142.4298,21.4746,43.6239,3,4,5,,,
-142.4261,21.4995,43.6401,3,4,5,,,
-142.4412,21.4512,43.6327,3,4,5,,,
-142.4182,21.4239,43.6297,3,4,5,,,
-142.3726,21.4167,43.6375,4,4,5,,,
-142.3295,21.3614,43.5639,4,4,5,,,
-142.3149,21.2975,43.5239,4,3,5,,,
-142.272,21.3129,43.5114,4,3,5,,,
-142.2959,21.2475,43.4556,4,3,5,,,
-142.3591,21.213,43.3717,4,3,5,,,
-142.3314,21.208,43.3726,4,3,5,,,
-142.3802,21.1516,43.3471,4,3,5,,,
-142.3917,21.1605,43.3599,3,3,5,,,
-142.3955,21.2518,43.43,3,3,5,,,
-142.4438,21.248,43.4954,3,3,5,,,
-142.4506,21.2943,43.5387,3,3,5,,,
-142.5365,21.3068,43.5988,3,4,5,,,
-142.5866,21.3116,43.6585,3,4,5,,,
-142.6058,21.2772,43.6728,3,4,5,,,
-142.5401,21.2385,43.6702,3,4,5,,,
-142.5152,21.1685,43.6276,3,4,5,,,
-142.4529,21.0976,43.6003,3,4,5,,,
-142.4016,21.0078,43.5791,3,4,5,,,
-142.4344,20.9766,43.5625,3,4,5,,,
-142.4664,20.9714,43.5633,3,4,5,,,
-142.4735,20.9546,43.5653,3,4,5,,,
-142.4945,20.9643,43.5806,3,4,5,,,
-142.5077,20.9773,43.5922,3,4,5,,,
-142.552,20.9345,43.6024,3,4,5,,,
-142.5999,20.9431,43.6247,3,4,5,,,
-142.6488,21.018,43.6642,3,4,5,,,
-142.6552,21.0175,43.6747,3,4,5,,,
-142.7226,21.0653,43.6916,3,4,5,,,
-142.7487,21.0751,43.7194,3,4,5,,,
-142.7191,21.0574,43.7135,3,4,5,,,
-142.7144,21.0667,43.7024,3,4,5,,,
-142.687,20.9936,43.652,3,4,5,,,
-142.6682,20.9724,43.6498,3,4,5,,,
-142.677,20.9545,43.6181,3,4,5,,,
-142.6799,20.9555,43.5986,3,4,5,,,
-142.6952,20.9432,43.581,3,4,5,,,
-142.6998,20.9247,43.5565,3,4,5,,,
-142.6999,20.8872,43.534,3,3,5,,,
-142.7047,20.8332,43.528,3,3,5,,,
-142.6208,20.7987,43.5211,3,3,5,,,
-142.5906,20.8148,43.5223,3,3,5,,,
-142.5238,20.8204,43.5222,3,3,5,,,
-142.5302,20.8081,43.5504,3,3,5,,,
-142.4762,20.8118,43.5612,3,4,5,,,
-142.4363,20.7605,43.5667,3,4,5,,,
-142.4165,20.7137,43.5763,3,4,5,,,
-142.4585,20.6559,43.5782,3,4,5,,,
-142.5065,20.6595,43.6001,3,4,5,,,
-142.5112,20.5763,43.6168,3,4,5,,,
-142.5589,20.5582,43.6308,3,4,5,,,
-142.5666,20.5747,43.6382,3,4,5,,,
-142.5905,20.5661,43.6486,3,4,5,,,
-142.5613,20.5352,43.6473,3,4,5,,,
-142.5576,20.5346,43.6439,3,4,5,,,
-142.5765,20.5471,43.6434,3,4,5,,,
-142.5939,20.5361,43.6476,3,4,5,,,
-142.5943,20.5432,43.6657,3,4,5,,,
-142.6099,20.5433,43.6824,3,4,5,,,
-142.55,20.5129,43.7133,3,4,5,,,
-142.4875,20.5628,43.7236,3,4,5,,,
-142.4621,20.5455,43.7372,3,4,5,,,
-142.4187,20.5158,43.7224,3,4,5,,,
-142.3983,20.4826,43.7219,3,4,5,,,
-142.3811,20.4562,43.7133,4,4,5,,,
-142.3462,20.4394,43.7157,4,4,5,,,
-142.3483,20.4082,43.7251,4,4,5,,,
-142.3524,20.4277,43.7605,4,4,5,,,
-142.3869,20.4832,43.772,4,4,5,,,
-142.4727,20.5173,43.7725,3,4,5,,,
-142.5356,20.5829,43.7864,3,4,5,,,
-142.6371,20.6345,43.779,3,4,5,,,
-142.7035,20.6733,43.743,3,4,5,,,
-142.7672,20.6845,43.7144,3,4,5,,,
-142.816,20.7098,43.7023,3,4,5,,,
-142.8537,20.7076,43.66,3,4,5,,,
-142.798,20.7476,43.6259,3,4,5,,,
-142.7747,20.7662,43.6135,3,4,5,,,
-142.8118,20.8004,43.5832,3,4,5,,,
-142.8587,20.8359,43.5889,3,4,5,,,
-142.8849,20.8972,43.6139,3,4,5,,,
-142.8958,20.9435,43.6421,3,4,5,,,
-142.8699,20.9667,43.6895,3,4,5,,,
-142.8495,20.9787,43.7185,3,4,5,,,
-142.8387,21.0225,43.7739,3,4,5,,,
-142.7801,21.0759,43.8354,3,4,5,,,
-142.6924,21.1454,43.8877,3,4,5,,,
-142.5671,21.203,43.9564,3,4,5,,,
-142.4142,21.2524,44.0154,3,4,5,,,
-142.256,21.2941,44.1023,4,4,5,,,
-142.1189,21.3409,44.1742,4,4,5,,,
-141.9669,21.3855,44.2382,4,4,5,,,
-141.8428,21.3996,44.3202,4,4,5,,,
-141.712,21.4516,44.3828,4,4,5,,,
-141.6105,21.4531,44.4642,4,4,5,,,
-141.4949,21.4646,44.5234,4,4,5,,,
-141.3883,21.4465,44.5843,4,4,5,,,
-141.3135,21.4308,44.6232,4,4,5,,,
-141.2335,21.4344,44.6506,4,4,5,,,
-141.1366,21.4605,44.6768,4,4,5,,,
-141.0677,21.4955,44.698,4,4,5,,,
-140.994,21.5165,44.7148,4,4,5,,,
-140.903,21.5385,44.7194,4,4,5,,,
-140.8026,21.5506,44.7237,4,4,5,,,
-140.7404,21.5983,44.7399,4,4,5,,,
-140.697,21.6044,44.7412,4,4,5,,,
-140.6569,21.5872,44.7517,4,4,5,,,
-140.6071,21.5534,44.7435,4,4,5,,,
-140.5397,21.5197,44.7214,4,4,5,,,
-140.4892,21.5115,44.7051,4,4,5,,,
-140.4897,21.4801,44.7122,4,4,5,,,
-140.481,21.4724,44.703,4,4,5,,,
-140.5037,21.5104,44.7041,4,4,5,,,
-140.5421,21.5744,44.6945,4,4,5,,,
-140.5875,21.5751,44.6939,4,4,5,,,
-140.6414,21.587,44.7024,4,4,5,,,
-140.6766,21.5597,44.699,4,4,5,,,
-140.7012,21.5585,44.6878,4,4,5,,,
-140.7068,21.5309,44.6555,4,4,5,,,
-140.7291,21.5396,44.6307,4,4,5,,,
-140.7173,21.5721,44.5917,4,4,5,,,
-140.6788,21.6104,44.5544,4,4,5,,,
-140.6728,21.6378,44.4949,4,4,5,,,
-140.6579,21.6177,44.4168,4,4,5,,,
-140.623,21.6143,44.3254,4,4,5,,,
-140.6275,21.555,44.1943,4,4,5,,,
-140.6599,21.5224,44.0733,4,4,5,,,
-140.6656,21.4918,43.9116,4,4,5,,,
-140.6778,21.4332,43.7415,4,4,5,,,
-140.7124,21.3986,43.5846,4,4,5,,,
-140.7429,21.352,43.4413,4,3,5,,,
-140.8002,21.2999,43.2798,4,3,5,,,
-140.8239,21.2135,43.1112,4,2,5,,,
-140.854,21.1306,42.946,4,2,5,,,
-140.884,21.0606,42.7882,4,2,5,,,
-140.8867,20.9929,42.6299,4,2,5,,,
-140.9025,20.8909,42.4648,4,2,5,,,
-140.9781,20.8127,42.3295,4,2,5,,,
-141.0613,20.7463,42.2037,4,2,5,,,
-141.1308,20.6789,42.0824,4,2,5,,,
-141.2244,20.6485,42.003,4,1,5,,,
-141.2976,20.6087,41.9327,4,1,5,,,
-141.3772,20.6217,41.8909,4,1,5,,,
-141.4683,20.5999,41.8496,4,1,5,,,
-141.5533,20.5629,41.8127,4,1,5,,,
-141.6035,20.5144,41.7453,4,1,5,,,
-141.6166,20.439,41.6778,4,1,5,,,
-141.6558,20.411,41.6515,4,1,5,,,
-141.7561,20.3491,41.6153,4,1,5,,,
-141.8405,20.3131,41.5737,4,1,5,,,
-141.8846,20.2938,41.5069,4,1,5,,,
-141.9355,20.2478,41.4393,4,1,5,,,
-141.9354,20.2267,41.3844,4,1,5,,,
-141.9953,20.2367,41.3429,4,1,5,,,
-142.0335,20.2886,41.3096,4,1,5,,,
-142.0715,20.327,41.2671,4,1,5,,,
-142.0785,20.3024,41.2254,4,1,5,,,
-142.0659,20.3159,41.1726,4,1,5,,,
-142.0568,20.2858,41.1486,4,1,5,,,
-142.0637,20.2496,41.1237,4,1,5,,,
-142.0585,20.2344,41.0834,4,1,5,,,
-142.0179,20.1825,41.029,4,1,5,,,
-141.9341,20.1363,40.9664,4,1,5,,,
-141.9106,20.1112,40.9281,4,1,5,,,
-141.8627,20.0814,40.886,4,1,5,,,
-141.8298,20.0261,40.8507,4,1,5,,,
-141.7959,19.967,40.8216,4,1,5,,,
-141.7373,19.9404,40.8165,4,1,5,,,
-141.6169,19.8922,40.7967,4,1,5,,,
-141.5103,19.8881,40.79,4,1,5,,,
-141.3894,19.8535,40.7913,4,1,5,,,
-141.245,19.7867,40.8031,4,1,5,,,
-141.1458,19.7255,40.8428,4,1,5,,,
-141.0811,19.6659,40.8927,4,1,5,,,
-141.0155,19.6501,40.9676,4,1,5,,,
-140.9805,19.6858,41.0636,4,1,5,,,
-140.9535,19.7161,41.1669,4,1,5,,,
-141.0068,19.7471,41.3089,4,1,5,,,
-141.061,19.7903,41.4783,4,1,5,,,
-141.1271,19.8282,41.6546,4,1,5,,,
-141.1615,19.8734,41.8563,4,1,5,,,
-141.2443,19.9345,42.067,4,2,5,,,
-141.3593,19.9849,42.2992,4,2,5,,,
-141.4533,20.0101,42.541,4,2,5,,,
-141.5945,20.0187,42.7677,4,2,5,,,
-141.6668,20.0022,42.9685,4,2,5,,,
-141.7819,19.9529,43.1491,4,3,5,,,
-141.8817,19.9001,43.3048,4,3,5,,,
-142.0071,19.8425,43.4677,4,3,5,,,
-142.1119,19.7561,43.5827,4,4,5,,,
-142.2007,19.6739,43.7047,4,4,5,,,
-142.2721,19.593,43.7753,4,4,5,,,
-142.3425,19.4788,43.8186,4,4,5,,,
-142.3642,19.3661,43.8263,4,4,5,,,
-142.413,19.2297,43.798,3,4,5,,,
-142.4199,19.1216,43.7744,3,4,5,,,
-142.4131,19.0733,43.7371,3,4,5,,,
-142.4012,19.0066,43.6822,3,4,5,,,
-142.4337,18.9496,43.6618,3,4,5,,,
-142.4572,18.9302,43.6407,3,4,5,,,
-142.4492,18.8646,43.5982,3,4,5,,,
-142.4485,18.8225,43.564,3,4,5,,,
-142.4422,18.7876,43.5499,3,3,5,,,
-142.402,18.7826,43.5244,3,3,5,,,
-142.3629,18.7273,43.4969,4,3,5,,,
-142.3683,18.6417,43.4788,4,3,5,,,
-142.375,18.5879,43.4347,4,3,5,,,
-142.3548,18.5115,43.3959,4,3,5,,,
-142.341,18.4979,43.346,4,3,5,,,
-142.3583,18.4684,43.2885,4,3,5,,,
-142.398,18.487,43.2309,3,3,5,,,
-142.4093,18.443,43.1581,3,3,5,,,
-142.3943,18.3887,43.0872,3,2,5,,,
-142.3616,18.3663,42.9936,4,2,5,,,
-142.351,18.2878,42.8985,4,2,5,,,
-142.3448,18.2305,42.8058,4,2,5,,,
-142.3329,18.1837,42.7186,4,2,5,,,
-142.3903,18.1812,42.6371,3,2,5,,,
-142.4133,18.1314,42.5438,3,2,5,,,
-142.3986,18.1104,42.4706,3,2,5,,,
-142.3856,18.1018,42.3901,4,2,5,,,
-142.3779,18.0901,42.3015,4,2,5,,,
-142.3896,18.1139,42.239,4,2,5,,,
-142.3492,18.1001,42.1452,4,2,5,,,
-142.3515,18.1048,42.0672,4,2,5,,,
-142.3078,18.0837,41.9805,4,1,5,,,
-142.2625,18.1241,41.9081,4,1,5,,,
-142.2395,18.1325,41.8368,4,1,5,,,
-142.2191,18.1664,41.7897,4,1,5,,,
-142.2021,18.1563,41.74,4,1,5,,,
-142.1369,18.1903,41.6909,4,1,5,,,
-142.1228,18.2367,41.6606,4,1,5,,,
-142.0952,18.226,41.6148,4,1,5,,,
-142.0802,18.2412,41.5789,4,1,5,,,
-142.0647,18.2752,41.5472,4,1,5,,,
-142.0532,18.3284,41.5323,4,1,5,,,
-142.095,18.3564,41.5146,4,1,5,,,
-142.1434,18.4002,41.5063,4,1,5,,,
-142.1879,18.4382,41.4953,4,1,5,,,
-142.2585,18.5132,41.486,4,1,5,,,
-142.3314,18.5889,41.5146,4,1,5,,,
-142.4252,18.6388,41.5271,3,1,5,,,
-142.4827,18.6882,41.5205,3,1,5,,,
-142.5181,18.7312,41.5149,3,1,5,,,
-142.5604,18.7611,41.4998,3,1,5,,,
-142.691,18.7934,41.4883,3,1,5,,,
-142.7756,18.7712,41.4819,3,1,5,,,
-142.85,18.8072,41.4555,3,1,5,,,
-142.9158,18.8326,41.4091,3,1,5,,,
-143.0119,18.8214,41.3509,3,1,5,,,
-143.1422,18.8169,41.307,3,1,5,,,
-143.2957,18.9293,41.3109,3,1,5,,,
-143.5271,19.0241,41.334,2,1,5,,,
-143.9243,19.098,41.4006,2,1,5,,,
-144.3337,19.2049,41.5123,2,1,5,,,
-144.6657,19.3739,41.609,2,1,5,,,
-144.9029,19.506,41.7043,2,1,5,,,
-145.102,19.6464,41.7907,2,1,5,,,
-145.2347,19.7897,41.8604,2,1,5,,,
-145.377,19.875,41.9444,2,1,5,,,
-145.4695,19.9554,41.9969,2,1,5,,,
-145.5494,20.0439,42.012,2,1,5,,,
-145.6494,20.0808,42.0177,2,1,5,,,
-145.7026,20.1386,41.9814,2,1,5,,,
-145.7844,20.1603,41.9385,2,1,5,,,
-145.7996,20.2186,41.9086,2,1,5,,,
-145.7081,20.2227,41.8705,2,1,5,,,
-145.5762,20.2248,41.8081,2,1,5,,,
-145.4224,20.2306,41.7286,2,1,5,,,
-145.3118,20.1785,41.6176,2,1,5,,,
-145.183,20.158,41.5055,2,1,5,,,
-145.062,20.1117,41.4209,2,1,5,,,
-145.0089,20.0767,41.341,2,1,5,,,
-144.9897,20.0445,41.2743,2,1,5,,,
-144.9496,20.0363,41.2246,2,1,5,,,
-144.8971,20.0527,41.1619,2,1,5,,,
-144.8923,20.0466,41.1416,2,1,5,,,
-144.8185,20.0211,41.1151,2,1,5,,,
-144.7705,19.9839,41.0783,2,1,5,,,
-144.7286,19.9499,41.0366,2,1,5,,,
-144.6845,19.9267,41.0143,2,1,5,,,
-144.6345,19.9851,41.0048,2,1,5,,,
-144.5728,20.0549,40.9969,2,1,5,,,
-144.5196,20.1465,41.0054,2,1,5,,,
-144.4566,20.2635,41.0228,2,1,5,,,
-144.4023,20.3091,41.0296,2,1,5,,,
-144.3064,20.3683,41.0162,2,1,5,,,
-144.2267,20.454,41.011,2,1,5,,,
-144.1734,20.5111,41.0158,2,1,5,,,
-144.1077,20.5434,41.0054,2,1,5,,,
-143.9882,20.5446,40.9961,2,1,5,,,
-143.8982,20.5793,40.9885,2,1,5,,,