x3,y3,z3,y,z,zy,v.states,yzstate
44.0659,18.0861,-138.0669,4,4,44,4,444
44.0683,18.0758,-138.1031,4,4,44,4,444
44.0584,18.0545,-138.1373,4,4,44,4,444
44.0645,18.0464,-138.1522,4,4,44,4,444
44.0551,18.0187,-138.1872,4,4,44,4,444
44.0416,17.9794,-138.2083,4,4,44,4,444
44.0215,17.966,-138.2578,4,4,44,4,444
44.0098,17.9383,-138.2905,4,4,44,4,444
44.0002,17.9267,-138.3094,4,4,44,4,444
43.9806,17.8953,-138.3153,4,4,44,4,444
43.971,17.8822,-138.3354,4,4,44,4,444
43.948,17.8604,-138.3709,4,4,44,4,444
43.9321,17.8424,-138.3811,4,4,44,4,444
43.9153,17.8369,-138.3861,4,4,44,4,444
43.9065,17.8192,-138.3721,4,4,44,4,444
43.8949,17.8086,-138.398,4,4,44,4,444
43.8963,17.8164,-138.3773,4,4,44,4,444
43.8795,17.8108,-138.3823,4,4,44,4,444
43.8844,17.8354,-138.3572,4,4,44,4,444
43.8887,17.8297,-138.3338,4,4,44,4,444
43.8886,17.8612,-138.3093,4,4,44,4,444
43.8957,17.8386,-138.2934,4,4,44,4,444
43.9005,17.8568,-138.2852,4,4,44,4,444
43.8943,17.8651,-138.2705,4,4,44,4,444
43.8856,17.8474,-138.2567,4,4,44,4,444
43.8725,17.8326,-138.2388,4,4,44,4,444
43.8725,17.8326,-138.2388,4,4,44,4,444
43.8725,17.8326,-138.2388,4,4,44,4,444
43.8721,17.8479,-138.2466,4,4,44,4,444
43.8866,17.8795,-138.2181,4,4,44,4,444
43.8831,17.9024,-138.216,4,4,44,4,444
43.9005,17.8997,-138.2245,4,4,44,4,444
43.9308,17.9182,-138.2456,4,4,44,4,444
43.9385,17.9276,-138.2568,4,4,44,4,444
43.9621,17.9468,-138.2623,4,4,44,4,444
43.967,17.9711,-138.237,4,4,44,4,444
43.9817,17.9929,-138.2388,4,4,44,4,444
43.9978,18.0067,-138.22,4,4,44,4,444
43.9985,18.0287,-138.2159,4,4,44,4,444
44.0027,18.0165,-138.2275,4,4,44,4,444
43.9996,18.0051,-138.2851,4,4,44,4,444
44.0003,17.9817,-138.3434,4,4,44,4,444
44.0252,17.9869,-138.4013,4,4,44,4,444
44.0105,17.9892,-138.4224,4,4,44,4,444
43.9786,17.9903,-138.4043,4,4,44,4,444
43.9567,17.9523,-138.4107,4,4,44,4,444
43.9389,17.9357,-138.4216,4,4,44,4,444
43.9232,17.9361,-138.4679,4,4,44,4,444
43.9085,17.8967,-138.4853,4,4,44,4,444
43.8953,17.8842,-138.4952,4,4,44,4,444
43.8707,17.8745,-138.5253,4,4,44,4,444
43.8592,17.8675,-138.5445,4,4,44,4,444
43.8424,17.8399,-138.5409,4,4,44,4,444
43.8305,17.8415,-138.5466,4,4,44,4,444
43.8166,17.8242,-138.5691,4,4,44,4,444
43.806,17.8096,-138.5882,4,4,44,4,444
43.7955,17.795,-138.6073,4,4,44,4,444
43.7884,17.7807,-138.6459,4,4,44,4,444
43.7804,17.7633,-138.6695,4,4,44,4,444
43.7458,17.7175,-138.6889,4,4,44,4,444
43.7194,17.714,-138.679,4,4,44,4,444
43.6929,17.7167,-138.6639,4,4,44,4,444
43.6683,17.6354,-138.659,4,4,44,4,444
43.6395,17.5669,-138.6656,4,4,44,4,444
43.6401,17.5623,-138.6441,4,4,44,4,444
43.6522,17.595,-138.617,4,4,44,4,444
43.6619,17.6471,-138.6413,4,4,44,4,444
43.6785,17.6845,-138.6796,4,4,44,4,444
43.6972,17.6848,-138.7188,3,4,34,4,344
43.7088,17.6876,-138.7782,3,4,34,4,344
43.7237,17.7206,-138.8586,3,4,34,4,344
43.7403,17.7338,-138.8793,3,4,34,4,344
43.7183,17.7152,-138.9149,3,4,34,4,344
43.6975,17.6865,-138.9402,3,4,34,4,344
43.6949,17.6603,-138.9398,3,4,34,4,344
43.6854,17.6524,-138.9607,3,4,34,4,344
43.7028,17.6426,-139.0045,3,4,34,4,344
43.7168,17.6387,-139.0213,3,4,34,4,344
43.7087,17.6469,-139.0409,3,4,34,4,344
43.7185,17.6663,-139.0544,3,4,34,4,344
43.7325,17.6385,-139.0902,3,4,34,4,344
43.7411,17.6129,-139.1372,3,4,34,4,344
43.7491,17.614,-139.122,3,4,34,4,344
43.7525,17.6335,-139.1256,3,4,34,4,344
43.7659,17.6415,-139.1269,3,4,34,4,344
43.7762,17.6307,-139.1391,3,4,34,4,344
43.7742,17.6244,-139.1729,3,4,34,4,344
43.7645,17.596,-139.2257,3,4,34,4,344
43.7721,17.5572,-139.2931,3,4,34,4,344
43.7781,17.5228,-139.3193,3,4,34,4,344
43.7757,17.5167,-139.3707,3,4,34,4,344
43.7827,17.5136,-139.4084,3,4,34,4,344
43.7757,17.5211,-139.4522,3,4,34,4,344
43.7756,17.5037,-139.4663,3,4,34,4,344
43.7758,17.4806,-139.4829,3,4,34,4,344
43.7736,17.4368,-139.5186,3,4,34,4,344
43.7633,17.3996,-139.5358,3,4,34,4,344
43.7554,17.3813,-139.5643,3,4,34,4,344
43.7529,17.3545,-139.597,3,4,34,4,344
43.7718,17.3341,-139.6409,3,4,34,4,344
43.7626,17.3328,-139.6676,3,4,34,4,344
43.7649,17.2948,-139.7002,3,4,34,4,344
43.7565,17.2345,-139.707,3,4,34,4,344
43.739,17.199,-139.7761,3,4,34,4,344
43.7351,17.1463,-139.828,3,4,34,4,344
43.727,17.1092,-139.8411,3,4,34,4,344
43.7422,17.1236,-139.8564,3,4,34,4,344
43.7366,17.1405,-139.8476,3,4,34,4,344
43.7284,17.1199,-139.8936,3,4,34,4,344
43.7126,17.1544,-139.9087,3,4,34,4,344
43.7038,17.1662,-139.9076,3,4,34,4,344
43.6965,17.1722,-139.9104,3,4,34,4,344
43.6792,17.1601,-139.9174,3,4,34,4,344
43.6718,17.1522,-139.9367,3,4,34,4,344
43.6694,17.1193,-139.9629,3,4,34,4,344
43.6565,17.0997,-139.9754,3,4,34,4,344
43.6391,17.0697,-139.9837,3,4,34,4,344
43.6122,17.0455,-140.0035,3,4,34,4,344
43.5989,17.0085,-140.0279,3,4,34,4,344
43.5888,16.9952,-140.0455,3,4,34,4,344
43.5953,16.9294,-140.0911,3,4,34,4,344
43.5781,16.8987,-140.0769,3,4,34,4,344
43.5607,16.8505,-140.1131,3,4,34,4,344
43.5525,16.7964,-140.1743,3,4,34,4,344
43.5361,16.77,-140.2256,3,4,34,4,344
43.5331,16.776,-140.2669,3,4,34,4,344
43.5275,16.7708,-140.3068,3,4,34,4,344
43.4927,16.7238,-140.3415,3,4,34,4,344
43.4803,16.7546,-140.3542,3,4,34,4,344
43.4881,16.756,-140.432,3,4,34,4,344
43.4915,16.7593,-140.4945,3,4,34,4,344
43.5003,16.7535,-140.5587,3,4,34,4,344
43.4833,16.7451,-140.5776,3,4,34,4,344
43.4733,16.7188,-140.6041,3,4,34,4,344
43.4972,16.7254,-140.6505,3,4,34,4,344
43.5164,16.7265,-140.6864,3,4,34,4,344
43.5267,16.7274,-140.701,3,4,34,4,344
43.5174,16.725,-140.6977,3,4,34,4,344
43.5399,16.7111,-140.7056,3,4,34,4,344
43.5352,16.7152,-140.7351,3,4,34,4,344
43.524,16.725,-140.7337,3,4,34,4,344
43.518,16.7209,-140.7518,3,4,34,4,344
43.5069,16.711,-140.7431,3,4,34,4,344
43.4951,16.713,-140.7284,3,4,34,4,344
43.4654,16.711,-140.733,3,4,34,4,344
43.4401,16.6701,-140.7673,3,4,34,4,344
43.4117,16.6255,-140.7931,3,4,34,4,344
43.3812,16.5962,-140.7829,3,4,34,4,344
43.3597,16.5803,-140.8073,3,4,34,4,344
43.369,16.5911,-140.8348,3,4,34,4,344
43.3821,16.5413,-140.8734,3,4,34,4,344
43.3871,16.5233,-140.9044,3,4,34,4,344
43.378,16.4782,-140.9401,3,4,34,4,344
43.4021,16.4628,-140.9654,3,4,34,4,344
43.4172,16.4725,-141.0087,3,4,34,4,344
43.4333,16.4895,-141.043,3,4,34,4,344
43.4324,16.5297,-141.0093,3,4,34,4,344
43.4439,16.5814,-140.9931,3,4,34,4,344
43.4366,16.5684,-141.0495,3,4,34,4,344
43.4271,16.5973,-141.0575,3,4,34,4,344
43.4158,16.6284,-141.084,3,4,34,4,344
43.4236,16.6103,-141.1069,3,4,34,4,344
43.4425,16.5949,-141.1645,3,4,34,4,344
43.4617,16.5262,-141.2522,3,4,34,4,344
43.4644,16.4262,-141.3184,3,4,34,4,344
43.4774,16.3743,-141.3663,3,4,34,4,344
43.4917,16.359,-141.4124,3,4,34,4,344
43.4991,16.3461,-141.4704,3,4,34,4,344
43.5165,16.3436,-141.5042,3,4,34,4,344
43.5148,16.3662,-141.5273,3,4,34,4,344
43.5191,16.3797,-141.5451,3,4,34,4,344
43.5074,16.4081,-141.5643,3,4,34,4,344
43.4965,16.4692,-141.5526,3,4,34,4,344
43.4747,16.4352,-141.5854,3,4,34,4,344
43.4524,16.4425,-141.5754,3,4,34,4,344
43.4131,16.3903,-141.5835,3,4,34,4,344
43.3793,16.35,-141.6553,3,4,34,4,344
43.3512,16.3044,-141.6868,3,4,34,4,344
43.3334,16.2433,-141.7363,3,4,34,4,344
43.319,16.1788,-141.7874,3,4,34,4,344
43.3067,16.1562,-141.8472,3,4,34,4,344
43.3054,16.1499,-141.8867,3,4,34,4,344
43.2865,16.1362,-141.9033,3,4,34,4,344
43.2758,16.1585,-141.9496,3,4,34,4,344
43.2647,16.0787,-141.9813,3,4,34,4,344
43.2603,16.0121,-141.9986,3,4,34,4,344
43.2466,15.9732,-142.0593,3,4,34,4,344
43.2339,15.9494,-142.0901,3,4,34,4,344
43.2156,15.8684,-142.124,3,4,34,4,344
43.2067,15.778,-142.1655,3,4,34,4,344
43.2109,15.7035,-142.2684,3,4,34,4,344
43.2067,15.6335,-142.2943,3,4,34,4,344
43.1903,15.5678,-142.3394,2,4,24,4,244
43.1724,15.5142,-142.3212,2,3,23,4,234
43.1666,15.4867,-142.3063,3,3,33,4,334
43.1411,15.5124,-142.3209,3,3,33,4,334
43.1187,15.5034,-142.3608,2,3,23,4,234
43.0782,15.461,-142.3631,2,3,23,4,234
43.0759,15.462,-142.4107,2,3,23,4,234
43.0655,15.4216,-142.4641,2,3,23,4,234
43.0669,15.4361,-142.5085,2,3,23,4,234
43.0555,15.4476,-142.5521,2,3,23,4,234
43.0838,15.4869,-142.603,2,3,23,4,234
43.109,15.5189,-142.6164,2,3,23,4,234
43.1218,15.5021,-142.6304,2,3,23,4,234
43.1448,15.5086,-142.6566,2,3,23,4,234
43.1576,15.5538,-142.6886,2,3,23,4,234
43.1703,15.6003,-142.6835,2,3,23,4,234
43.1703,15.6003,-142.6835,2,3,23,4,234
43.1703,15.6003,-142.6835,2,3,23,4,234
43.1668,15.6009,-142.6638,2,3,23,4,234
43.1642,15.6037,-142.6546,2,3,23,4,234
43.1776,15.6289,-142.6432,2,3,23,4,234
43.1849,15.6281,-142.6107,2,4,24,4,244
43.1901,15.6523,-142.5921,2,4,24,4,244
43.2128,15.666,-142.5965,2,4,24,4,244
43.2341,15.6259,-142.6181,2,4,24,4,244
43.2406,15.6177,-142.6428,2,4,24,4,244
43.2417,15.6115,-142.6411,2,4,24,4,244
43.2282,15.5737,-142.5905,2,4,24,4,244
43.2222,15.5188,-142.5488,2,4,24,4,244
43.199,15.5518,-142.5315,2,4,24,4,244
43.1912,15.5773,-142.5187,2,4,24,4,244
43.1828,15.5645,-142.5314,2,4,24,4,244
43.1778,15.5716,-142.5426,2,3,23,4,234
43.1871,15.5684,-142.5779,2,4,24,4,244
43.1798,15.5928,-142.6535,2,4,24,4,244
43.1984,15.6044,-142.6971,2,4,24,4,244
43.2003,15.6371,-142.7417,2,4,24,4,244
43.2193,15.5933,-142.7475,2,4,24,4,244
43.2139,15.5663,-142.7758,2,4,24,4,244
43.2188,15.5259,-142.7849,2,4,24,4,244
43.2192,15.5093,-142.7673,2,4,24,4,244
43.2463,15.5152,-142.7881,2,4,24,4,244
43.2529,15.5386,-142.7895,2,4,24,4,244
43.2633,15.5411,-142.8078,2,4,24,4,244
43.2685,15.5284,-142.8157,2,4,24,4,244
43.2671,15.5242,-142.825,2,4,24,4,244
43.2874,15.5588,-142.8481,2,4,24,4,244
43.2769,15.586,-142.8165,2,4,24,4,244
43.268,15.5826,-142.8248,2,4,24,4,244
43.2655,15.577,-142.8473,2,4,24,4,244
43.2586,15.5491,-142.8748,2,4,24,4,244
43.2328,15.4891,-142.8857,2,4,24,4,244
43.213,15.4222,-142.9183,2,4,24,4,244
43.1621,15.357,-142.9132,2,3,23,4,234
43.145,15.284,-142.9263,2,3,23,4,234
43.1309,15.2711,-142.9402,2,3,23,4,234
43.1097,15.2377,-142.9591,2,3,23,4,234
43.0966,15.2441,-142.9396,2,3,23,4,234
43.0889,15.2774,-142.8969,2,3,23,4,234
43.107,15.3,-142.9096,2,3,23,4,234
43.1063,15.3071,-142.913,2,3,23,4,234
43.1307,15.3271,-142.9521,2,3,23,4,234
43.1311,15.353,-142.9815,2,3,23,4,234
43.1581,15.3693,-143.0273,2,3,23,4,234
43.163,15.418,-142.9724,2,3,23,4,234
43.171,15.4584,-142.9368,2,3,23,4,234
43.1888,15.4819,-142.9117,2,4,24,4,244
43.2076,15.4906,-142.9388,2,4,24,4,244
43.2231,15.5062,-142.9558,2,4,24,4,244
43.2193,15.5032,-142.9434,2,4,24,4,244
43.2204,15.4962,-142.941,2,4,24,4,244
43.2006,15.4854,-142.9138,2,4,24,4,244
43.1802,15.454,-142.9225,2,4,24,4,244
43.1515,15.3982,-142.9363,2,3,23,4,234
43.0786,15.2726,-142.9671,2,3,23,4,234
43.0273,15.1615,-142.9882,2,3,23,4,234
42.9792,15.0722,-143.0064,2,3,23,4,234
42.9709,15.0226,-143.0105,2,3,23,4,234
42.9769,15.0376,-143.0239,2,3,23,4,234
42.9956,15.1094,-143.0061,2,3,23,4,234
43.0347,15.1767,-142.9668,2,3,23,4,234
43.0614,15.2304,-142.9686,2,3,23,4,234
43.1043,15.278,-142.9669,2,3,23,4,234
43.1428,15.3015,-142.9828,2,3,23,4,234
43.1811,15.3851,-142.9591,2,4,24,4,244
43.2215,15.4338,-142.9761,2,4,24,4,244
43.2692,15.5166,-142.9761,2,4,24,4,244
43.2999,15.5527,-142.9932,2,4,24,4,244
43.303,15.5627,-143.0003,2,4,24,4,244
43.318,15.5972,-143.0067,2,4,24,4,244
43.317,15.6249,-143.0128,2,4,24,4,244
43.3164,15.655,-142.9911,2,4,24,4,244
43.3124,15.6532,-142.9916,2,4,24,4,244
43.2766,15.612,-142.9941,2,4,24,4,244
43.2604,15.5812,-143.004,2,4,24,4,244
43.2344,15.5023,-143.0663,2,4,24,4,244
43.2123,15.4609,-143.1469,2,4,24,4,244
43.1988,15.4152,-143.2061,2,4,24,4,244
43.1729,15.399,-143.2479,2,3,23,4,234
43.1655,15.3879,-143.2306,2,3,23,4,234
43.1518,15.3257,-143.2445,2,3,23,4,234
43.1312,15.3126,-143.2652,2,3,23,4,234
43.1366,15.3271,-143.3008,2,3,23,4,234
43.1223,15.2935,-143.2941,2,3,23,4,234
43.1314,15.28,-143.2691,2,3,23,4,234
43.1345,15.2948,-143.2866,2,3,23,4,234
43.1302,15.3019,-143.3279,2,3,23,4,234
43.1263,15.2878,-143.3458,2,3,23,4,234
43.1297,15.2922,-143.3826,2,3,23,4,234
43.1191,15.2653,-143.3771,2,3,23,4,234
43.1066,15.2497,-143.3677,2,3,23,4,234
43.1089,15.2284,-143.3811,2,3,23,4,234
43.1189,15.246,-143.4062,2,3,23,4,234
43.1297,15.2471,-143.4085,2,3,23,4,234
43.1561,15.3035,-143.3997,2,3,23,4,234
43.1613,15.3405,-143.4074,2,3,23,4,234
43.1844,15.3509,-143.4022,2,4,24,4,244
43.2097,15.3422,-143.3822,2,4,24,4,244
43.226,15.3772,-143.4531,2,4,24,4,244
43.2373,15.4168,-143.4901,2,4,24,4,244
43.222,15.4205,-143.5074,2,4,24,4,244
43.1997,15.3699,-143.5334,2,4,24,4,244
43.1687,15.3195,-143.5356,2,3,23,4,234
43.1511,15.3347,-143.5838,2,3,23,4,234
43.1548,15.33,-143.5668,2,3,23,4,234
43.1667,15.3607,-143.5929,2,3,23,4,234
43.1709,15.3839,-143.5992,2,3,23,4,234
43.1438,15.3874,-143.5961,2,3,23,4,234
43.0934,15.3526,-143.6104,2,3,23,4,234
43.0717,15.3096,-143.6706,2,3,23,4,234
43.0281,15.2584,-143.6451,2,3,23,4,234
43,15.2256,-143.677,2,3,23,4,234
42.9545,15.1996,-143.6939,2,3,23,4,234
42.9112,15.1537,-143.6903,2,3,23,4,234
42.8657,15.1073,-143.7066,2,3,23,3,233
42.8214,15.0562,-143.7328,2,3,23,3,233
42.7784,15.0591,-143.7326,2,3,23,3,233
42.7542,15.0793,-143.744,2,3,23,3,233
42.7294,15.1041,-143.7657,2,3,23,3,233
42.7033,15.1356,-143.7386,2,3,23,3,233
42.6618,15.17,-143.7643,2,3,23,3,233
42.638,15.2093,-143.8082,2,3,23,3,233
42.6176,15.2543,-143.8427,2,3,23,3,233
42.5646,15.3296,-143.8625,2,3,23,3,233
42.5242,15.5016,-143.8519,2,3,23,3,233
42.5054,15.6583,-143.8182,2,3,23,3,233
42.4931,15.724,-143.7442,2,3,23,3,233
42.4981,15.6806,-143.7137,2,3,23,3,233
42.5107,15.643,-143.7537,2,3,23,3,233
42.5492,15.6235,-143.8071,2,3,23,3,233
42.6094,15.6716,-143.8331,2,3,23,3,233
42.6388,15.7878,-143.795,2,3,23,3,233
42.6591,15.8851,-143.7744,2,3,23,3,233
42.6449,15.9536,-143.7289,2,3,23,3,233
42.6647,15.9459,-143.7484,2,3,23,3,233
42.6819,15.9538,-143.7435,2,3,23,3,233
42.6408,15.8934,-143.7856,2,3,23,3,233
42.6036,15.8007,-143.7622,2,3,23,3,233
42.5479,15.708,-143.7283,2,3,23,3,233
42.5064,15.6494,-143.722,2,3,23,3,233
42.4668,15.6107,-143.7148,2,3,23,3,233
42.4526,15.5619,-143.7049,2,3,23,3,233
42.4527,15.5801,-143.733,2,3,23,3,233
42.4647,15.5945,-143.7761,2,3,23,3,233
42.4846,15.66,-143.8027,2,3,23,3,233
42.5223,15.7032,-143.8369,2,3,23,3,233
42.58,15.7397,-143.8486,2,3,23,3,233
42.6243,15.8094,-143.871,2,3,23,3,233
42.6598,15.8375,-143.8671,2,3,23,3,233
42.6722,15.8292,-143.8889,2,3,23,3,233
42.6822,15.8098,-143.8728,2,3,23,3,233
42.703,15.7979,-143.8683,2,3,23,3,233
42.7484,15.8528,-143.9184,2,3,23,3,233
42.7588,15.8347,-143.9363,2,3,23,3,233
42.7918,15.8934,-143.9443,2,3,23,3,233
42.8433,15.957,-143.9618,2,3,23,3,233
42.8834,16.0432,-143.9833,2,3,23,3,233
42.9279,16.1016,-143.9529,2,3,23,3,233
42.9803,16.1449,-144.0214,2,3,23,3,233
43.0133,16.1792,-144.0664,2,3,23,3,233
43.0629,16.1948,-144.0958,2,3,23,3,233
43.1043,16.2548,-144.1125,2,3,23,3,233
43.1084,16.2564,-144.1321,2,3,23,3,233
43.1097,16.2201,-144.1472,2,3,23,3,233
43.0993,16.2215,-144.1513,2,3,23,3,233
43.0914,16.2209,-144.1743,2,3,23,3,233
43.1357,16.2642,-144.1878,2,3,23,3,233
43.1742,16.3029,-144.2261,2,3,23,3,233
43.1879,16.2634,-144.2172,2,4,24,3,243
43.2067,16.2602,-144.2696,2,4,24,3,243
43.2123,16.2004,-144.2864,2,4,24,3,243
43.1867,16.1382,-144.2601,2,4,24,3,243
43.1517,16.1177,-144.2491,2,3,23,3,233
43.1282,16.0967,-144.2227,2,3,23,3,233
43.1226,16.0686,-144.184,2,3,23,3,233
43.0938,15.9596,-144.1655,2,3,23,3,233
43.0731,15.8686,-144.1254,2,3,23,3,233
43.0508,15.8002,-144.122,2,3,23,3,233
43.0265,15.7817,-144.1122,2,3,23,3,233
42.9947,15.7468,-144.1011,2,3,23,3,233
42.9604,15.721,-144.0464,2,3,23,3,233
42.9382,15.7113,-144.0407,2,3,23,3,233
42.9266,15.7013,-144.084,2,3,23,3,233
42.9241,15.7441,-144.1183,2,3,23,3,233
42.9126,15.7624,-144.1252,2,3,23,3,233
42.9101,15.7993,-144.1265,2,3,23,3,233
42.9042,15.8121,-144.1301,2,3,23,3,233
42.9127,15.8357,-144.1163,2,3,23,3,233
42.9129,15.8808,-144.0919,2,3,23,3,233
42.9345,15.9917,-144.049,2,3,23,3,233
42.9428,16.1438,-144.037,2,3,23,3,233
42.9848,16.3132,-144.0674,2,3,23,3,233
43.0238,16.4005,-144.1076,2,3,23,3,233
43.0598,16.5009,-144.128,2,3,23,3,233
43.1055,16.5866,-144.1375,2,3,23,3,233
43.121,16.6795,-144.1691,2,3,23,3,233
43.123,16.7663,-144.2536,2,3,23,3,233
43.0828,16.7909,-144.2792,2,3,23,3,233
43.0676,16.7718,-144.29,2,3,23,3,233
43.0357,16.8192,-144.2351,2,3,23,3,233
43.0225,16.8769,-144.2543,2,3,23,3,233
42.989,16.9513,-144.2599,2,3,23,3,233
42.9369,16.9998,-144.3009,2,3,23,3,233
42.9384,17.0349,-144.3407,1,3,13,3,133
42.9574,17.0523,-144.4312,1,3,13,3,133
43.0052,17.0837,-144.5172,1,3,13,3,133
43.0665,17.1072,-144.6488,1,3,13,3,133
43.1177,17.1382,-144.7782,1,3,13,3,133
43.1431,17.1451,-144.8675,1,3,13,3,133
43.1394,17.1815,-144.9363,1,3,13,3,133
43.1404,17.2724,-144.8924,1,3,13,3,133
43.1013,17.3217,-144.8112,1,3,13,3,133
43.0395,17.4048,-144.7377,1,3,13,3,133
42.9943,17.44,-144.7272,1,3,13,3,133
42.9558,17.4254,-144.6909,1,3,13,3,133
42.9383,17.4803,-144.6791,1,3,13,3,133
42.9421,17.5498,-144.6376,1,3,13,3,133
42.9659,17.622,-144.6975,1,3,13,3,133
42.9702,17.6718,-144.763,1,3,13,3,133
42.9813,17.6501,-144.8241,1,3,13,3,133
42.983,17.673,-144.8489,1,3,13,3,133
42.9804,17.6587,-144.9019,1,3,13,3,133
43.0087,17.6658,-144.9682,1,3,13,3,133
43.0411,17.7301,-145.0236,1,3,13,3,133
43.0718,17.8306,-145.0636,1,3,13,3,133
43.1134,17.9268,-145.0565,1,3,13,3,133
43.1362,17.9871,-145.0755,1,3,13,3,133
43.1815,18.0832,-145.0522,1,4,14,3,143
43.2034,18.1365,-145.0763,1,4,14,3,143
43.2452,18.2014,-145.081,1,4,14,3,143
43.313,18.2297,-145.0771,1,4,14,3,143
43.375,18.2632,-145.0688,1,4,14,3,143
43.4053,18.311,-145.0355,1,4,14,3,143
43.4197,18.3712,-145.0209,1,4,14,3,143
43.4619,18.4106,-145.0606,1,4,14,3,143
43.4846,18.4151,-145.0828,1,4,14,3,143
43.498,18.4281,-145.0633,1,4,14,3,143
43.5078,18.4631,-145.0213,1,4,14,3,143
43.537,18.4513,-145.0507,1,4,14,3,143
43.5284,18.4515,-145.0195,1,4,14,3,143
43.5299,18.4275,-145.0233,1,4,14,3,143
43.5216,18.4257,-145.0757,1,4,14,3,143
43.5479,18.4171,-145.1006,1,4,14,3,143
43.5441,18.4089,-145.0994,1,4,14,3,143
43.5093,18.3882,-145.0992,1,4,14,3,143
43.4714,18.3441,-145.1013,1,4,14,3,143
43.4512,18.307,-145.1153,1,4,14,3,143
43.4536,18.3112,-145.1303,1,4,14,3,143
43.4548,18.3186,-145.1324,1,4,14,3,143
43.4446,18.346,-145.1528,1,4,14,3,143
43.442,18.3782,-145.169,1,4,14,3,143
43.4474,18.4012,-145.1768,1,4,14,3,143
43.4436,18.4901,-145.205,1,4,14,3,143
43.411,18.5799,-145.1981,1,4,14,3,143
43.3997,18.6692,-145.2395,1,4,14,3,143
43.4178,18.8088,-145.2156,1,4,14,3,143
43.4407,18.9775,-145.2084,1,4,14,3,143
43.4535,19.0924,-145.1934,1,4,14,3,143
43.486,19.1789,-145.1885,1,4,14,3,143
43.4762,19.2707,-145.2343,1,4,14,3,143
43.4537,19.3381,-145.2607,1,4,14,3,143
43.4535,19.359,-145.3004,1,4,14,3,143
43.4037,19.4008,-145.3075,1,4,14,3,143
43.3524,19.3638,-145.3233,1,4,14,3,143
43.3043,19.325,-145.2998,1,4,14,3,143
43.2579,19.3116,-145.2494,1,4,14,3,143
43.2334,19.3271,-145.2585,1,4,14,3,143
43.1794,19.3468,-145.1979,1,4,14,3,143
43.1217,19.3461,-145.1723,1,3,13,3,133
43.102,19.3734,-145.1745,1,3,13,3,133
43.0388,19.349,-145.1614,1,3,13,3,133
42.9495,19.2718,-145.1884,1,3,13,3,133
42.8602,19.1949,-145.2311,1,3,13,3,133
42.8015,19.1217,-145.3005,1,3,13,2,132
42.7155,19.065,-145.3388,1,3,13,2,132
42.6531,19.0666,-145.4063,1,3,13,2,132
42.6226,19.0279,-145.4005,1,3,13,2,132
42.6059,19.0212,-145.4513,1,3,13,2,132
42.5795,19.0315,-145.4997,1,3,13,2,132
42.5731,19.0257,-145.5752,1,3,13,2,132
42.5266,18.9929,-145.5822,1,3,13,2,132
42.5075,19.0282,-145.604,1,3,13,2,132
42.5038,19.0932,-145.5931,1,3,13,2,132
42.4761,19.1246,-145.5998,1,3,13,2,132
42.4701,19.152,-145.6363,1,3,13,2,132
42.4456,19.2011,-145.6009,1,3,13,2,132
42.419,19.2335,-145.6051,1,3,13,2,132
42.3954,19.2451,-145.5817,1,3,13,2,132
42.382,19.2507,-145.5781,1,2,12,2,122
42.3858,19.2562,-145.6307,1,2,12,2,122
42.3918,19.2771,-145.6122,1,2,12,2,122
42.3878,19.2882,-145.6232,1,2,12,2,122
42.4002,19.3183,-145.6605,1,3,13,2,132
42.4139,19.3638,-145.6839,1,3,13,2,132
42.4285,19.4318,-145.7008,1,3,13,2,132
42.4564,19.4781,-145.6851,1,3,13,2,132
42.4596,19.5207,-145.6375,1,3,13,2,132
42.4888,19.5794,-145.623,1,3,13,2,132
42.4706,19.602,-145.6221,1,3,13,2,132
42.4617,19.5757,-145.6223,1,3,13,2,132
42.4412,19.569,-145.6327,1,3,13,2,132
42.4434,19.6104,-145.679,1,3,13,2,132
42.4303,19.614,-145.6867,1,3,13,2,132
42.4608,19.6162,-145.7141,1,3,13,2,132
42.5046,19.6256,-145.7497,1,3,13,2,132
42.5564,19.6621,-145.7531,1,3,13,2,132
42.5776,19.7072,-145.7375,1,3,13,2,132
42.6025,19.7352,-145.694,1,3,13,2,132
42.6061,19.7432,-145.6371,1,3,13,2,132
42.5795,19.7776,-145.5816,1,3,13,2,132
42.5957,19.8403,-145.5029,1,3,13,2,132
42.6214,19.8817,-145.4409,1,3,13,2,132
42.6461,19.9356,-145.4411,1,3,13,2,132
42.6588,19.993,-145.4247,1,3,13,2,132
42.6655,19.9633,-145.4716,1,3,13,2,132
42.6698,19.9375,-145.6797,1,3,13,2,132
42.6894,19.9252,-145.8669,1,3,13,2,132
42.7094,19.9816,-146.0499,1,3,13,2,132
42.739,20.0463,-146.1731,1,3,13,2,132
42.7476,20.0846,-146.3084,1,3,13,2,132
42.7816,20.1569,-146.3258,1,3,13,2,132
42.7796,20.1693,-146.3352,1,3,13,2,132
42.7503,20.1856,-146.3454,1,3,13,2,132
42.7285,20.235,-146.3334,1,3,13,2,132
42.7047,20.2966,-146.2497,1,3,13,2,132
42.7247,20.38,-146.1708,1,3,13,2,132
42.7535,20.4167,-146.1558,1,3,13,2,132
42.7149,20.4198,-146.1477,1,3,13,2,132
42.6893,20.3746,-146.1501,1,3,13,2,132
42.6458,20.3231,-146.0253,1,3,13,2,132
42.5888,20.2745,-145.9352,1,3,13,2,132
42.5453,20.2187,-145.8412,1,3,13,2,132
42.4842,20.1395,-145.8071,1,3,13,2,132
42.4539,20.0773,-145.7502,1,3,13,2,132
42.4675,20.0287,-145.7057,1,3,13,2,132
42.4598,19.9888,-145.6858,1,3,13,2,132
42.4617,19.9817,-145.6839,1,3,13,2,132
42.4521,19.9935,-145.6728,1,3,13,2,132
42.4212,20.0343,-145.6388,1,3,13,2,132
42.4043,20.07,-145.5536,1,3,13,2,132
42.3694,20.0918,-145.4972,1,2,12,2,122
42.3441,20.0896,-145.5003,1,2,12,2,122
42.3399,20.124,-145.4885,1,2,12,2,122
42.3078,20.1649,-145.4553,1,2,12,2,122
42.2901,20.197,-145.3848,1,2,12,2,122
42.264,20.2025,-145.2796,1,2,12,2,122
42.2845,20.2311,-145.307,1,2,12,2,122
42.3219,20.2949,-145.3387,1,2,12,2,122
42.3672,20.4225,-145.4523,1,2,12,2,122
42.4299,20.5538,-145.6187,1,3,13,2,132
42.4809,20.7311,-145.7234,1,3,13,2,132
42.5825,20.8875,-145.8069,1,3,13,2,132
42.6308,20.9744,-145.8962,1,3,13,2,132
42.6277,20.9839,-146.023,1,3,13,2,132
42.6407,20.9921,-146.072,1,3,13,2,132
42.6626,21.0017,-146.0992,1,3,13,2,132
42.6572,21.0376,-146.1089,1,3,13,2,132
42.6469,21.043,-146.1101,1,3,13,2,132
42.6212,21.0329,-146.1256,1,3,13,2,132
42.585,21.0054,-146.1026,1,3,13,2,132
42.5604,20.9961,-146.0737,1,3,13,2,132
42.5254,20.9901,-146.0315,1,3,13,2,132
42.5111,20.9726,-145.9885,1,3,13,2,132
42.5096,20.9928,-145.9655,1,3,13,2,132
42.5071,21.0491,-145.9204,1,3,13,2,132
42.4914,21.1139,-145.8944,1,3,13,2,132
42.5063,21.1545,-145.8923,1,3,13,2,132
42.4814,21.1824,-145.8974,1,3,13,2,132
42.4333,21.1871,-145.8921,1,3,13,2,132
42.4115,21.199,-145.9119,1,3,13,2,132
42.3711,21.2103,-145.9847,1,2,12,2,122
42.3608,21.2092,-146.0197,1,2,12,2,122
42.3587,21.2138,-146.0547,1,2,12,2,122
42.342,21.209,-146.119,1,2,12,2,122
42.3054,21.2128,-146.2401,1,2,12,2,122
42.2454,21.1538,-146.3134,1,2,12,2,122
42.2007,21.0869,-146.3947,1,2,12,2,122
42.2183,21.0703,-146.4524,1,2,12,2,122
42.2552,21.086,-146.499,1,2,12,2,122
42.2724,21.1593,-146.4394,1,2,12,2,122
42.2895,21.2203,-146.3914,1,2,12,2,122
42.3298,21.295,-146.3241,1,2,12,2,122
42.3423,21.3306,-146.2372,1,2,12,2,122
42.3215,21.3316,-146.1309,1,2,12,2,122
42.2994,21.3435,-146.0119,1,2,12,2,122
42.2996,21.3444,-145.9756,1,2,12,2,122
42.3356,21.3742,-146.0164,1,2,12,2,122
42.3697,21.4489,-146.1145,1,2,12,2,122
42.3868,21.52,-146.187,1,2,12,2,122
42.3835,21.552,-146.2246,1,2,12,2,122
42.3766,21.5725,-146.2625,1,2,12,2,122
42.3939,21.5847,-146.2603,1,2,12,2,122
42.3926,21.6077,-146.2179,1,2,12,2,122
42.3947,21.6037,-146.1814,1,3,13,2,132
42.4031,21.6224,-146.1386,1,3,13,2,132
42.3842,21.641,-146.0937,1,2,12,2,122
42.3912,21.6511,-146.0719,1,2,12,2,122
42.3881,21.6424,-146.0672,1,2,12,2,122
42.3854,21.6042,-146.0792,1,2,12,2,122
42.3802,21.6064,-146.0708,1,2,12,2,122
42.3562,21.5973,-146.0532,1,2,12,2,122
42.3083,21.5657,-146.045,1,2,12,2,122
42.2846,21.5154,-146.0016,1,2,12,2,122
42.265,21.4587,-146.0113,1,2,12,2,122
42.2834,21.433,-146.0739,1,2,12,2,122
42.2776,21.4083,-146.1215,1,2,12,2,122
42.2728,21.4048,-146.1646,1,2,12,2,122
42.2703,21.4027,-146.2111,1,2,12,2,122
42.2748,21.4101,-146.2156,1,2,12,2,122
42.2804,21.4333,-146.2072,1,2,12,2,122
42.2808,21.4498,-146.1867,1,2,12,2,122
42.297,21.464,-146.1886,1,2,12,2,122
42.339,21.4889,-146.1242,1,2,12,2,122
42.3486,21.5289,-146.043,1,2,12,2,122
42.3429,21.5696,-146.0184,1,2,12,2,122
42.3537,21.5908,-146.0166,1,2,12,2,122
42.3713,21.596,-146.0233,1,2,12,2,122
42.4078,21.5791,-146.02,1,3,13,2,132
42.4177,21.6272,-145.9562,1,3,13,2,132
42.4308,21.6859,-145.9598,1,3,13,2,132
42.4327,21.7041,-145.948,1,3,13,2,132
42.4371,21.7041,-145.9254,1,3,13,2,132
42.4397,21.704,-145.904,1,3,13,2,132
42.4217,21.6974,-145.8945,1,3,13,2,132
42.4266,21.6681,-145.8408,1,3,13,2,132
42.3952,21.6696,-145.8433,1,3,13,2,132
42.3714,21.6521,-145.8405,1,2,12,2,122
42.34,21.6816,-145.841,1,2,12,2,122
42.3112,21.7319,-145.8558,1,2,12,2,122
42.3218,21.7465,-145.8383,1,2,12,2,122
42.3361,21.7931,-145.8091,1,2,12,2,122
42.3303,21.8468,-145.7547,1,2,12,2,122
42.3238,21.8693,-145.7194,1,2,12,2,122
42.2954,21.8637,-145.6909,1,2,12,2,122
42.2562,21.8405,-145.6875,1,2,12,2,122
42.2284,21.8152,-145.7046,1,2,12,2,122
42.201,21.8075,-145.7522,1,2,12,2,122
42.1611,21.8377,-145.8144,1,2,12,2,122
42.1221,21.8682,-145.8316,1,2,12,2,122
42.1101,21.881,-145.8159,1,2,12,2,122
42.0986,21.8875,-145.8075,1,2,12,2,122
42.0712,21.8881,-145.7807,1,2,12,2,122
42.079,21.9309,-145.7361,1,2,12,2,122
42.0694,21.9347,-145.656,1,2,12,2,122
42.0782,21.9135,-145.6083,1,2,12,2,122
42.1015,21.862,-145.5597,1,2,12,2,122
42.1038,21.828,-145.5416,1,2,12,2,122
42.1304,21.7859,-145.4474,1,2,12,2,122
42.1624,21.7643,-145.3943,1,2,12,2,122
42.2122,21.7187,-145.3055,1,2,12,2,122
42.2184,21.696,-145.2099,1,2,12,2,122
42.2273,21.6427,-145.1494,1,2,12,2,122
42.2359,21.592,-145.107,1,2,12,2,122
42.227,21.603,-145.0137,1,2,12,2,122
42.2613,21.5802,-145.0175,1,2,12,2,122
42.2697,21.5581,-144.9999,1,2,12,2,122
42.2831,21.5916,-144.9982,1,2,12,2,122
42.2909,21.6955,-145.0164,1,2,12,2,122
42.305,21.7754,-145.0941,1,2,12,2,122
42.3146,21.8885,-145.0979,1,2,12,2,122
42.3295,21.9617,-145.123,1,2,12,2,122
42.3383,21.9885,-145.1304,1,2,12,2,122
42.3242,22.0157,-145.1374,1,2,12,2,122
42.314,22.0674,-145.1294,1,2,12,2,122
42.2949,22.0984,-145.1329,1,2,12,2,122
42.2596,22.074,-145.1347,1,2,12,2,122
42.2157,22.0649,-145.1031,1,2,12,2,122
42.2132,22.0409,-145.051,1,2,12,2,122
42.2293,22.105,-144.9913,1,2,12,2,122
42.2452,22.1197,-144.9633,1,2,12,2,122
42.2901,22.1073,-144.9289,1,2,12,2,122
42.2974,22.1217,-144.8923,1,2,12,2,122
42.3201,22.1431,-144.8544,1,2,12,2,122
42.3598,22.1623,-144.8778,1,2,12,2,122
42.3491,22.1791,-144.8724,1,2,12,2,122
42.4038,22.2117,-144.8248,1,3,13,2,132
42.4171,22.2145,-144.7707,1,3,13,2,132
42.3624,22.1669,-144.7197,1,2,12,2,122
42.3297,22.1277,-144.6761,1,2,12,2,122
42.331,22.0957,-144.6302,1,2,12,2,122
42.2891,22.0698,-144.6127,1,2,12,2,122
42.2848,22.0586,-144.5708,1,2,12,2,122
42.2699,22.0167,-144.5503,1,2,12,2,122
42.2773,21.9683,-144.5575,1,2,12,2,122
42.2742,21.9856,-144.545,1,2,12,2,122
42.2576,21.9821,-144.5432,1,2,12,2,122
42.2613,22.0196,-144.5506,1,2,12,2,122
42.2892,22.0045,-144.5159,1,2,12,2,122
42.2827,22.0134,-144.4572,1,2,12,2,122
42.1962,21.9964,-144.4202,1,2,12,2,122
42.1615,21.9938,-144.4077,1,2,12,2,122
42.1238,21.976,-144.386,1,2,12,2,122
42.0833,21.9638,-144.3649,1,2,12,2,122
42.0626,21.9629,-144.3741,1,2,12,2,122
42.1174,22.0152,-144.3313,1,2,12,2,122
42.1666,22.0928,-144.3053,2,2,22,2,222
42.2228,22.1566,-144.3822,1,2,12,2,122
42.2692,22.2131,-144.4657,1,2,12,2,122
42.2855,22.2473,-144.4868,1,2,12,2,122
42.3006,22.3005,-144.4889,1,2,12,2,122
42.3233,22.3395,-144.5047,1,2,12,2,122
42.3317,22.318,-144.5538,1,2,12,2,122
42.3286,22.3499,-144.5835,1,2,12,2,122
42.3549,22.3889,-144.5851,1,2,12,2,122
42.3579,22.4418,-144.5686,1,2,12,2,122
42.3268,22.4021,-144.4701,1,2,12,2,122
42.2608,22.3876,-144.3155,2,2,22,2,222
42.2222,22.3702,-144.2341,2,2,22,2,222
42.2075,22.3651,-144.218,2,2,22,2,222
42.1654,22.3623,-144.1498,2,2,22,2,222
42.1008,22.2697,-144.1091,2,2,22,2,222
42.071,22.1817,-144.0564,2,2,22,2,222
42.0447,22.1312,-144.0402,2,2,22,2,222
42.0064,22.1389,-144.0727,2,1,21,2,212
41.9886,22.1447,-144.1011,2,1,21,2,212
41.9839,22.1677,-144.0969,2,1,21,2,212
42.017,22.1236,-144.0482,2,2,22,2,222
42.0286,22.1303,-143.9583,2,2,22,2,222
42.0238,22.1464,-143.9283,2,2,22,2,222
42.0184,22.1675,-143.9748,2,2,22,2,222
42.0273,22.2312,-143.9682,2,2,22,2,222
42.0406,22.2505,-143.9007,2,2,22,2,222
42.0405,22.2777,-143.8633,2,2,22,2,222
42.0462,22.2627,-143.8266,2,2,22,2,222
42.0642,22.2858,-143.7979,2,2,22,2,222
42.0932,22.3492,-143.7847,2,2,22,2,222
42.1393,22.395,-143.7764,2,2,22,2,222
42.1706,22.4287,-143.6696,2,2,22,2,222
42.1952,22.3929,-143.6013,2,2,22,2,222
42.179,22.3913,-143.556,2,2,22,2,222
42.1728,22.4012,-143.5437,2,2,22,2,222
42.1853,22.368,-143.5603,2,2,22,2,222
42.1802,22.3612,-143.5751,2,2,22,2,222
42.1938,22.3772,-143.5925,2,2,22,2,222
42.1794,22.3757,-143.624,2,2,22,2,222
42.1517,22.3615,-143.5818,2,2,22,2,222
42.1469,22.3458,-143.5265,2,2,22,2,222
42.1374,22.3141,-143.4763,2,2,22,2,222
42.1324,22.3161,-143.4333,2,2,22,2,222
42.1147,22.3333,-143.4039,2,2,22,2,222
42.1274,22.3442,-143.3974,2,2,22,2,222
42.1204,22.3662,-143.4321,2,2,22,2,222
42.114,22.3627,-143.4099,2,2,22,2,222
42.1376,22.3318,-143.3923,2,2,22,2,222
42.149,22.3527,-143.3545,2,2,22,2,222
42.1873,22.4494,-143.2995,2,2,22,2,222
42.1907,22.4903,-143.3196,2,2,22,2,222
42.1905,22.5329,-143.3155,2,2,22,2,222
42.1959,22.5475,-143.3016,2,2,22,2,222
42.1894,22.5118,-143.297,2,2,22,2,222
42.2042,22.541,-143.2951,2,2,22,2,222
42.2029,22.5428,-143.2226,2,2,22,2,222
42.1746,22.5311,-143.1253,2,2,22,2,222
42.1962,22.5238,-143.0247,2,2,22,2,222
42.2031,22.5133,-142.9844,2,2,22,2,222
42.1957,22.523,-142.9863,2,2,22,2,222
42.1695,22.5491,-143.0058,2,2,22,2,222
42.1368,22.5279,-143.0157,2,2,22,2,222
42.1336,22.5447,-143.0386,2,2,22,2,222
42.1245,22.5338,-143.0462,2,2,22,2,222
42.1106,22.5419,-143.0388,2,2,22,2,222
42.1044,22.565,-143.0086,2,2,22,2,222
42.0921,22.6349,-143.0077,2,2,22,2,222
42.077,22.6718,-142.9326,2,2,22,2,222
42.0581,22.6798,-142.8915,2,2,22,2,222
42.0431,22.7082,-142.8223,2,2,22,2,222
42.0441,22.7297,-142.7977,2,2,22,2,222
42.0545,22.8024,-142.7657,2,2,22,2,222
42.079,22.883,-142.731,2,2,22,2,222
42.0816,22.9009,-142.6766,2,2,22,2,222
42.0912,22.9271,-142.6461,2,2,22,2,222
42.0853,22.918,-142.5936,2,2,22,2,222
42.0834,22.884,-142.5451,2,2,22,2,222
42.0763,22.8689,-142.5169,2,2,22,2,222
42.0694,22.8772,-142.5191,2,2,22,2,222
42.0607,22.8527,-142.5038,2,2,22,2,222
42.0544,22.8473,-142.4957,2,2,22,2,222
42.0558,22.8842,-142.5,2,2,22,2,222
42.0335,22.8738,-142.4836,2,2,22,2,222
42.0462,22.8495,-142.4427,2,2,22,2,222
42.0263,22.8274,-142.4142,2,2,22,2,222
42.0277,22.789,-142.3837,2,2,22,2,222
42.0537,22.7846,-142.3423,2,2,22,2,222
42.0776,22.7844,-142.3264,2,2,22,2,222
42.0838,22.7588,-142.3403,2,2,22,2,222
42.0756,22.7359,-142.3269,2,2,22,2,222
42.0801,22.7248,-142.2646,3,2,32,2,322
42.0603,22.7099,-142.2135,3,2,32,2,322
42.05,22.659,-142.1549,3,2,32,2,322
42.0453,22.6504,-142.0924,3,2,32,2,322
42.0344,22.6566,-142.0493,3,2,32,2,322
42.0283,22.6928,-142.0157,3,2,32,2,322
42.0405,22.6598,-142.0299,3,2,32,2,322
42.0368,22.645,-141.9905,3,2,32,2,322
42.0212,22.6459,-141.9686,3,2,32,2,322
42.0145,22.7059,-141.924,3,2,32,2,322
42.0071,22.6995,-141.9377,3,2,32,2,322
41.9909,22.6856,-141.9032,3,1,31,2,312
41.9732,22.7276,-141.8549,3,1,31,2,312
41.9837,22.7194,-141.7669,3,1,31,2,312
41.9655,22.755,-141.7265,3,1,31,2,312
41.9754,22.7948,-141.6682,3,1,31,2,312
41.9757,22.7737,-141.6541,3,1,31,2,312
41.9853,22.7619,-141.5675,3,1,31,2,312
41.9871,22.7785,-141.465,3,1,31,2,312
41.9961,22.7908,-141.399,3,1,31,2,312
42.0283,22.8214,-141.3176,3,2,32,2,322
42.0758,22.8478,-141.2555,3,2,32,2,322
42.0999,22.878,-141.1532,3,2,32,2,322
42.132,22.8978,-141.0318,3,2,32,2,322
42.1744,22.9309,-140.9191,3,2,32,2,322
42.1871,22.9584,-140.8406,3,2,32,2,322
42.1895,22.9974,-140.7834,3,2,32,2,322
42.156,23.0003,-140.7073,3,2,32,2,322
42.1358,22.991,-140.6815,3,2,32,2,322
42.1476,22.9275,-140.6583,3,2,32,2,322
42.1255,22.8803,-140.6196,3,2,32,2,322
42.0937,22.8906,-140.5456,3,2,32,2,322
42.0726,22.8835,-140.506,3,2,32,2,322
42.0667,22.9014,-140.4603,3,2,32,2,322
42.1032,22.9802,-140.4048,3,2,32,2,322
42.0841,23.0921,-140.3204,3,2,32,2,322
42.0816,23.1434,-140.2612,3,2,32,2,322
42.0969,23.1874,-140.2315,3,2,32,2,322
42.0926,23.2406,-140.2288,3,2,32,2,322
42.0915,23.2448,-140.1935,3,2,32,2,322
42.0854,23.2582,-140.1291,3,2,32,2,322
42.0789,23.262,-140.0789,3,2,32,2,322
42.0768,23.299,-140.0149,3,2,32,2,322
42.0792,23.2977,-139.9582,3,2,32,2,322
42.0685,23.2834,-139.9286,3,2,32,2,322
42.0711,23.3163,-139.8718,3,2,32,2,322
42.063,23.3266,-139.8021,3,2,32,2,322
42.0673,23.3312,-139.7351,3,2,32,2,322
42.0764,23.3464,-139.7749,3,2,32,2,322
42.0812,23.3309,-139.7197,3,2,32,2,322
42.101,23.358,-139.6395,3,2,32,2,322
42.0943,23.3733,-139.6124,3,2,32,2,322
42.0879,23.3813,-139.5809,3,2,32,2,322
42.0808,23.3851,-139.559,3,2,32,2,322
42.0699,23.3738,-139.5867,3,2,32,2,322
42.0399,23.3819,-139.5661,3,2,32,2,322
42.0161,23.4183,-139.546,3,2,32,2,322
41.9709,23.4548,-139.5354,3,1,31,2,312
41.9495,23.4788,-139.5843,3,1,31,2,312
41.9315,23.5003,-139.5832,3,1,31,2,312
41.922,23.463,-139.5765,3,1,31,2,312
41.9121,23.4618,-139.5515,3,1,31,2,312
41.9157,23.4752,-139.546,3,1,31,2,312
41.9551,23.5171,-139.5569,3,1,31,2,312
41.9953,23.5715,-139.5715,3,1,31,2,312
41.9933,23.5723,-139.6008,3,1,31,2,312
42.0005,23.5839,-139.607,3,1,31,2,312
41.997,23.5785,-139.5793,3,1,31,2,312
42.0158,23.603,-139.5262,3,2,32,2,322
42.016,23.5798,-139.4149,3,2,32,2,322
41.9988,23.5836,-139.2886,3,1,31,2,312
41.9896,23.5799,-139.1579,3,1,31,2,312
41.9776,23.603,-139.0535,3,1,31,2,312
41.94,23.5044,-138.9479,3,1,31,2,312
41.9338,23.4649,-138.9279,3,1,31,2,312
41.9447,23.3988,-138.9661,3,1,31,2,312
41.9569,23.4005,-138.9765,3,1,31,2,312
41.9771,23.4952,-139.0738,3,1,31,2,312
41.9926,23.5804,-139.1231,3,1,31,2,312
42.0336,23.6431,-139.1843,3,2,32,2,322
42.0401,23.6956,-139.1382,3,2,32,2,322
42.0363,23.7065,-139.163,3,2,32,2,322
42.0305,23.7245,-139.1596,3,2,32,2,322
42.0334,23.7146,-139.1425,3,2,32,2,322
42.0111,23.6999,-139.0913,3,2,32,2,322
41.9957,23.6736,-139.0591,3,1,31,2,312
41.9834,23.7024,-139.0032,3,1,31,2,312
41.9898,23.7228,-138.9554,3,1,31,2,312
41.9804,23.7448,-138.9246,3,1,31,2,312
41.982,23.7758,-138.8616,3,1,31,2,312
41.9917,23.8286,-138.7959,3,1,31,2,312
42.0193,23.8838,-138.7191,3,2,32,2,322
42.0509,23.9139,-138.6953,3,2,32,2,322
42.0647,23.8978,-138.6914,4,2,42,2,422
42.056,23.86,-138.6817,4,2,42,2,422
42.0774,23.8279,-138.6245,4,2,42,2,422
42.0798,23.8085,-138.5711,4,2,42,2,422
42.114,23.7888,-138.5454,4,2,42,2,422
42.0982,23.7551,-138.5278,4,2,42,2,422
42.1107,23.7187,-138.4838,4,2,42,2,422
42.0882,23.6875,-138.4528,4,2,42,2,422
42.0752,23.6035,-138.397,4,2,42,2,422
42.0235,23.5495,-138.3518,4,2,42,1,421
41.9738,23.4995,-138.2871,4,1,41,1,411
41.9497,23.4842,-138.2573,4,1,41,1,411
41.9142,23.4917,-138.2235,4,1,41,1,411
41.8866,23.4972,-138.2272,4,1,41,1,411
41.8517,23.4926,-138.2081,4,1,41,1,411
41.8502,23.5093,-138.2051,4,1,41,1,411
41.8509,23.5436,-138.1873,4,1,41,1,411
41.8593,23.5362,-138.1749,4,1,41,1,411
41.8474,23.5471,-138.164,4,1,41,1,411
41.8506,23.4954,-138.1294,4,1,41,1,411
41.8526,23.4721,-138.1642,4,1,41,1,411
41.8347,23.4772,-138.2239,4,1,41,1,411
41.8237,23.4272,-138.2783,4,1,41,1,411
41.8042,23.378,-138.3058,4,1,41,1,411
41.7857,23.3285,-138.3164,4,1,41,1,411
41.748,23.2689,-138.376,4,1,41,1,411
41.6891,23.1985,-138.4122,4,1,41,1,411
41.6403,23.1358,-138.4417,4,1,41,1,411
41.6301,23.1036,-138.4586,4,1,41,1,411
41.6199,23.0394,-138.4508,4,1,41,1,411
41.6062,22.9664,-138.4568,4,1,41,1,411
41.5685,22.9313,-138.4596,4,1,41,1,411
41.5718,22.8616,-138.4545,4,1,41,1,411
41.6116,22.8107,-138.419,4,1,41,1,411
41.628,22.7583,-138.3733,4,1,41,1,411
41.6361,22.7407,-138.3714,4,1,41,1,411
41.6636,22.7365,-138.4405,4,1,41,1,411
41.7226,22.7603,-138.4848,4,1,41,1,411
41.8306,22.7872,-138.5329,4,1,41,1,411
41.891,22.8031,-138.5427,4,1,41,1,411
41.9412,22.8378,-138.5318,4,1,41,1,411
41.9763,22.8662,-138.5038,4,1,41,1,411
42.0074,22.868,-138.4986,4,2,42,1,421
42.0456,22.8919,-138.4623,4,2,42,1,421
42.093,22.9446,-138.4949,4,2,42,1,421
42.1194,22.9776,-138.4436,4,2,42,1,421
42.104,22.9928,-138.3857,4,2,42,1,421
42.0781,22.9984,-138.3354,4,2,42,1,421
42.0558,22.9764,-138.3094,4,2,42,1,421
42.0687,23.0144,-138.2665,4,2,42,1,421
42.0487,22.9503,-138.2135,4,2,42,1,421
42.0448,22.9195,-138.2164,4,2,42,1,421
42.0018,22.8771,-138.1369,4,1,41,1,411
41.982,22.803,-138.0322,4,1,41,1,411
41.945,22.7607,-137.9453,4,1,41,1,411
41.9086,22.7115,-137.9263,4,1,41,1,411
41.8658,22.6073,-137.8773,4,1,41,1,411
41.8195,22.4921,-137.8607,4,1,41,1,411
41.7305,22.3757,-137.7798,4,1,41,1,411
41.6692,22.2564,-137.7,4,1,41,1,411
41.6327,22.1476,-137.7328,4,1,41,1,411
41.6297,22.0281,-137.7605,4,1,41,1,411
41.6302,21.9498,-137.7726,4,1,41,1,411
41.6442,21.8288,-137.8113,4,1,41,1,411
41.6741,21.7962,-137.7899,4,1,41,1,411
41.7469,21.8095,-137.7902,4,1,41,1,411
41.7966,21.8568,-137.8063,4,1,41,1,411
41.8517,21.9195,-137.819,4,1,41,1,411
41.855,21.9396,-137.8738,4,1,41,1,411
41.8984,22.0123,-137.899,4,1,41,1,411
41.9199,22.07,-137.9673,4,1,41,1,411
41.9304,22.0828,-137.9883,4,1,41,1,411
41.9103,22.1092,-138.0112,4,1,41,1,411
41.9086,22.1564,-137.9972,4,1,41,1,411
41.9082,22.2076,-137.9807,4,1,41,1,411
41.9089,22.2119,-138.0301,4,1,41,1,411
41.8904,22.1395,-138.0282,4,1,41,1,411
41.8714,22.0298,-138.0468,4,1,41,1,411
41.8404,21.9327,-138.013,4,1,41,1,411
41.8588,21.8789,-137.9905,4,1,41,1,411
41.858,21.8353,-137.9648,4,1,41,1,411
41.8803,21.7988,-137.9535,4,1,41,1,411
41.9057,21.7201,-137.9619,4,1,41,1,411
41.9033,21.6834,-137.9386,4,1,41,1,411
41.9116,21.6807,-137.9344,4,1,41,1,411
41.9221,21.6927,-137.9003,4,1,41,1,411
41.9262,21.686,-137.8882,4,1,41,1,411
41.933,21.652,-137.8712,4,1,41,1,411
41.9359,21.6033,-137.8995,4,1,41,1,411
41.9604,21.5609,-137.9433,4,1,41,1,411
41.9708,21.5226,-137.8944,4,1,41,1,411
41.9447,21.4684,-137.9137,4,1,41,1,411
41.915,21.4185,-137.9559,4,1,41,1,411
41.8679,21.3799,-137.9957,4,1,41,1,411
41.8249,21.3133,-138.0335,4,1,41,1,411
41.7979,21.2859,-138.0892,4,1,41,1,411
41.7826,21.2865,-138.0777,4,1,41,1,411
41.7383,21.2734,-138.0956,4,1,41,1,411
41.6907,21.2195,-138.0672,4,1,41,1,411
41.6558,21.1651,-138.0397,4,1,41,1,411
41.6174,21.1394,-138.0121,4,1,41,1,411
41.6009,21.1259,-138.0081,4,1,41,1,411
41.5802,21.1103,-137.9494,4,1,41,1,411
41.5794,21.1055,-137.9076,4,1,41,1,411
41.5872,21.0609,-137.9306,4,1,41,1,411
41.6045,21.0336,-137.9637,4,1,41,1,411
41.6058,21.025,-138.0167,4,1,41,1,411
41.6016,20.9742,-138.0501,4,1,41,1,411
41.5772,20.9167,-138.0955,4,1,41,1,411
41.5536,20.8507,-138.1312,4,1,41,1,411
41.5653,20.8086,-138.1636,4,1,41,1,411
41.5462,20.7685,-138.2299,4,1,41,1,411
41.5396,20.7532,-138.2832,4,1,41,1,411
41.5487,20.7159,-138.3339,4,1,41,1,411
41.5735,20.712,-138.379,4,1,41,1,411
41.5991,20.7146,-138.4372,4,1,41,1,411
41.6112,20.6921,-138.4865,4,1,41,1,411
41.6253,20.7007,-138.5138,4,1,41,1,411
41.6121,20.6566,-138.5651,4,1,41,1,411
41.6041,20.6132,-138.6124,4,1,41,1,411
41.6058,20.5644,-138.6667,4,1,41,1,411
41.5899,20.5127,-138.7172,3,1,31,1,311
41.5808,20.4716,-138.7472,3,1,31,1,311
41.5895,20.4242,-138.7884,3,1,31,1,311
41.5616,20.3682,-138.8009,3,1,31,1,311
41.5341,20.3072,-138.8167,3,1,31,1,311
41.5218,20.2569,-138.8502,3,1,31,1,311
41.5106,20.1879,-138.8687,3,1,31,1,311
41.4851,20.1457,-138.8507,3,1,31,1,311
41.4704,20.1012,-138.8979,3,1,31,1,311
41.4525,20.0992,-138.8759,3,1,31,1,311
41.4492,20.0728,-138.864,3,1,31,1,311
41.4314,20.0326,-138.8729,3,1,31,1,311
41.4337,20.0077,-138.8853,3,1,31,1,311
41.4226,20.0018,-138.8969,3,1,31,1,311
41.4128,19.9932,-138.8688,3,1,31,1,311
41.4164,19.9749,-138.8493,3,1,31,1,311
41.4025,19.9122,-138.8077,3,1,31,1,311
41.4029,19.8666,-138.7504,3,1,31,1,311
41.3669,19.7731,-138.656,4,1,41,1,411
41.3522,19.6963,-138.5856,4,1,41,1,411
41.3602,19.6634,-138.5025,4,1,41,1,411
41.3813,19.6139,-138.4504,4,1,41,1,411
41.4139,19.6093,-138.4296,4,1,41,1,411
41.4912,19.6211,-138.4667,4,1,41,1,411
41.5551,19.6601,-138.4613,4,1,41,1,411
41.5997,19.6718,-138.4538,4,1,41,1,411
41.6285,19.6825,-138.4432,4,1,41,1,411
41.6433,19.7095,-138.4348,4,1,41,1,411
41.6587,19.7314,-138.4637,4,1,41,1,411
41.6617,19.76,-138.4435,4,1,41,1,411
41.6585,19.7475,-138.4592,4,1,41,1,411
41.6534,19.7219,-138.4576,4,1,41,1,411
41.6515,19.7352,-138.4888,4,1,41,1,411
41.6369,19.7467,-138.5441,4,1,41,1,411
41.6329,19.7513,-138.6453,4,1,41,1,411
41.5893,19.7465,-138.7065,3,1,31,1,311
41.5395,19.7161,-138.7415,3,1,31,1,311
41.4675,19.6706,-138.7757,3,1,31,1,311
41.4218,19.6079,-138.7785,3,1,31,1,311
41.3953,19.5605,-138.7607,3,1,31,1,311
41.3992,19.5585,-138.7897,3,1,31,1,311
41.4418,19.5642,-138.7816,3,1,31,1,311
41.5234,19.5966,-138.733,3,1,31,1,311
41.5926,19.6429,-138.7296,3,1,31,1,311
41.6315,19.6476,-138.6918,3,1,31,1,311
41.6596,19.6391,-138.671,4,1,41,1,411
41.6989,19.6444,-138.7162,3,1,31,1,311
41.7025,19.5784,-138.7223,3,1,31,1,311
41.6838,19.4944,-138.7885,3,1,31,1,311
41.6336,19.3659,-138.8803,3,1,31,1,311
41.5711,19.2234,-138.9628,3,1,31,1,311
41.4959,19.1008,-138.9506,3,1,31,1,311
41.4596,19.0182,-138.9455,3,1,31,1,311
41.422,18.9507,-138.9462,3,1,31,1,311
41.4083,18.9125,-138.9234,3,1,31,1,311
41.4011,18.9024,-138.8953,3,1,31,1,311
41.4011,18.8737,-138.8414,3,1,31,1,311
41.414,18.8263,-138.8304,3,1,31,1,311
41.4354,18.7534,-138.8549,3,1,31,1,311
41.452,18.7072,-138.8722,3,1,31,1,311
41.4644,18.6619,-138.8715,3,1,31,1,311
41.4732,18.6119,-138.9246,3,1,31,1,311
41.4649,18.5555,-138.9143,3,1,31,1,311
41.4565,18.5401,-138.9362,3,1,31,1,311
41.4411,18.511,-138.9861,3,1,31,1,311
41.4348,18.4676,-139.0178,3,1,31,1,311
41.4457,18.3623,-139.0296,3,1,31,1,311
41.4757,18.3576,-139.0156,3,1,31,1,311
41.5081,18.3523,-139.0108,3,1,31,1,311
41.5393,18.3455,-138.9873,3,1,31,1,311
41.5671,18.3455,-138.9729,3,1,31,1,311
41.5654,18.3122,-138.9575,3,1,31,1,311
41.6178,18.3015,-138.957,3,1,31,1,311
41.6503,18.2805,-138.9726,3,1,31,1,311
41.6858,18.2442,-138.9555,3,1,31,1,311
41.7138,18.2593,-138.9223,3,1,31,1,311
41.7448,18.2235,-138.8553,3,1,31,1,311
41.7653,18.1977,-138.7972,3,1,31,1,311
41.7631,18.117,-138.7662,3,1,31,1,311
41.7819,18.114,-138.7384,3,1,31,1,311
41.799,18.0709,-138.7179,3,1,31,1,311
41.7943,18.0441,-138.7406,3,1,31,1,311
41.7868,17.9593,-138.7669,3,1,31,1,311
41.7821,17.979,-138.803,3,1,31,1,311
41.7725,17.9877,-138.7888,3,1,31,1,311
41.769,17.971,-138.7621,3,1,31,1,311
41.7595,17.9671,-138.7687,3,1,31,1,311
41.7707,17.9528,-138.7746,3,1,31,1,311
41.7689,18.0012,-138.7555,3,1,31,1,311
41.7967,18.051,-138.7249,3,1,31,1,311
41.837,18.1177,-138.7165,3,1,31,1,311
41.8848,18.1393,-138.7226,3,1,31,1,311
41.9689,18.2006,-138.7478,3,1,31,1,311
42.0427,18.2418,-138.7601,3,2,32,1,321
42.0867,18.2804,-138.7161,3,2,32,1,321
42.081,18.241,-138.692,3,2,32,1,321
42.0609,18.255,-138.6426,4,2,42,1,421
42.0193,18.2172,-138.6029,4,2,42,1,421
41.9414,18.2224,-138.5491,4,1,41,1,411
41.8655,18.2138,-138.5537,4,1,41,1,411
41.8177,18.1911,-138.56,4,1,41,1,411
41.7678,18.1244,-138.5822,4,1,41,1,411
41.7407,18.1324,-138.609,4,1,41,1,411
41.7089,18.1318,-138.6249,4,1,41,1,411
41.685,18.1564,-138.659,4,1,41,1,411
41.6752,18.1154,-138.6805,4,1,41,1,411
41.6781,18.1089,-138.6963,3,1,31,1,311
41.6894,18.1109,-138.7198,3,1,31,1,311
41.6773,18.0378,-138.7054,3,1,31,1,311
41.6741,17.9782,-138.701,3,1,31,1,311
41.6553,17.9139,-138.7149,3,1,31,1,311
41.6479,17.9006,-138.6809,4,1,41,1,411
41.6373,17.8378,-138.595,4,1,41,1,411
41.6258,17.8081,-138.54,4,1,41,1,411
41.6152,17.752,-138.5177,4,1,41,1,411
41.6103,17.745,-138.4973,4,1,41,1,411
41.6044,17.7425,-138.4695,4,1,41,1,411
41.5913,17.7325,-138.4482,4,1,41,1,411
41.5703,17.7082,-138.4463,4,1,41,1,411
41.5786,17.7129,-138.4314,4,1,41,1,411
41.5957,17.707,-138.3967,4,1,41,1,411
41.5996,17.7193,-138.3639,4,1,41,1,411
41.6092,17.7166,-138.4218,4,1,41,1,411
41.6459,17.7432,-138.5009,4,1,41,1,411
41.6768,17.7945,-138.5628,4,1,41,1,411
41.6978,17.797,-138.5527,4,1,41,1,411
41.7232,17.8065,-138.5142,4,1,41,1,411
41.7275,17.7908,-138.493,4,1,41,1,411
41.7318,17.7592,-138.4738,4,1,41,1,411
41.741,17.7855,-138.4356,4,1,41,1,411
41.7388,17.7779,-138.417,4,1,41,1,411
41.7202,17.7603,-138.402,4,1,41,1,411
41.7028,17.736,-138.3979,4,1,41,1,411
41.6931,17.7352,-138.4495,4,1,41,1,411
41.6802,17.7233,-138.5249,4,1,41,1,411
41.6747,17.7204,-138.5915,4,1,41,1,411
41.6675,17.6998,-138.6095,4,1,41,1,411
41.6912,17.7015,-138.6319,4,1,41,1,411
41.6929,17.6682,-138.6273,4,1,41,1,411
41.704,17.6135,-138.6809,4,1,41,1,411
41.7275,17.6098,-138.656,4,1,41,1,411
41.7375,17.6589,-138.6163,4,1,41,1,411
41.7406,17.6886,-138.5808,4,1,41,1,411
41.7455,17.6839,-138.5276,4,1,41,1,411
41.7617,17.6579,-138.5117,4,1,41,1,411
41.7662,17.6119,-138.5082,4,1,41,1,411
41.785,17.5719,-138.5372,4,1,41,1,411
41.8064,17.5795,-138.5427,4,1,41,1,411
41.827,17.531,-138.5675,4,1,41,1,411
41.8241,17.4635,-138.5858,4,1,41,1,411
41.8206,17.3778,-138.6102,4,1,41,1,411
41.8183,17.3088,-138.6267,4,1,41,1,411
41.8285,17.2873,-138.5778,4,1,41,1,411
41.7996,17.2748,-138.5769,4,1,41,1,411
41.797,17.276,-138.506,4,1,41,1,411
41.8393,17.4985,-138.3051,4,1,41,1,411
41.8819,17.7214,-138.0981,4,1,41,1,411
41.8745,17.9345,-137.8817,4,1,41,1,411
41.8734,18.0395,-137.7332,4,1,41,1,411
41.8841,18.043,-137.688,4,1,41,1,411
41.8955,18.0472,-137.6401,4,1,41,1,411
41.9008,18.0954,-137.5726,4,1,41,1,411
41.9084,18.0773,-137.5683,4,1,41,1,411
41.8795,18.0123,-137.5648,4,1,41,1,411
41.8941,17.9698,-137.5641,4,1,41,1,411
41.8966,17.9264,-137.5591,4,1,41,1,411
41.9131,17.8236,-137.5605,4,1,41,1,411
41.9745,17.8333,-137.5624,4,1,41,1,411
42.0079,17.7753,-137.5562,4,2,42,1,421
42.0711,17.7661,-137.572,4,2,42,1,421
42.1235,17.7392,-137.5226,4,2,42,1,421
42.1806,17.7565,-137.4949,4,2,42,1,421
42.2757,17.7787,-137.4245,4,2,42,1,421
42.3722,17.8629,-137.3864,4,2,42,1,421
42.4501,17.8786,-137.4124,4,3,43,3,433
42.528,17.8941,-137.4244,4,3,43,3,433
42.5892,17.8734,-137.4593,4,3,43,3,433
42.6313,17.8347,-137.4772,4,3,43,3,433
42.6418,17.8082,-137.4965,4,3,43,3,433
42.7028,17.7899,-137.5101,4,3,43,3,433
42.7669,17.7754,-137.565,4,3,43,3,433
42.8257,17.7325,-137.644,4,3,43,3,433
42.8705,17.7454,-137.6396,4,3,43,3,433
42.9151,17.7262,-137.6419,4,3,43,3,433
42.9694,17.7294,-137.6787,4,3,43,3,433
43.0164,17.7778,-137.679,4,3,43,3,433
43.0625,17.7578,-137.679,4,3,43,3,433
43.1047,17.7735,-137.686,4,3,43,3,433
43.1438,17.742,-137.7142,4,3,43,3,433
43.1771,17.7373,-137.7321,4,3,43,3,433
43.2154,17.7095,-137.7779,4,4,44,3,443
43.284,17.7337,-137.8258,4,4,44,3,443
43.3738,17.7437,-137.9109,4,4,44,3,443
43.4756,17.7056,-138.0276,4,4,44,3,443
43.5648,17.6755,-138.1013,4,4,44,4,444
43.6492,17.6219,-138.1711,4,4,44,4,444
43.7387,17.5536,-138.2621,4,4,44,4,444
